1,1,1,1,1,1,1,1,1,1,1,1,1,1,1,1,1,1,1,1,1,1,1,1,1,1,1,1,1,1,1,1,1,1,1,1,1,1,1,1,1,1,1,1,1,1,1,1,1,1,1,1,1,1,1,1,1,1,1,1,1,1,1,1,1,1,1,1,1,1,1,1,1,1,1,1,1,1,1,1,1,1,1,1,1,1,1,1,1,1,1,1,1,1,1,1,1,1,1,1,1,1,1,1,1,1,1,1,1,1,1,1,1,1,1,1,1,1,1,1,1,1,1,1,1,1,1,1,1,1,1,1,1,1,1,1,1,1,1,1,1,1,1,1,1,1,1,1,1,1,1,1,1,1,1,1,1,1,1,1,1,1,1,1,1,1,1,1,1,1,1,1,1,1,1,1,1,1,1,1,1,1,1,1,1,1,1,1,1,1,1,1,1,1,1,1,1,1,1,1,0.4719,0.743,0.21029,0.82104,0.69055,0.56471,0.35011,0.6329,0.55551,0.1116,0.25492,0.87722,0.2439,0.53048,0.47536,0.74679,0.13019,0.91727,0.57692,0.25519,0.66701,0.80374,0.70543,0.15898,0.16863,0.58911,0.14187,0.43749,0.97568,0.70043,0.40868,0.91923,0.17484,0.23053,0.21945,0.81308,0.82762,0.43783,0.61334,0.49714,0.67261,0.17638,0.88707,0.20286,0.89409,0.90248,0.62574,0.44567,0.95349,0.30282,0.55275,0.021742,0.088862,0.80862,0.26933,0.53966,0.89425,0.76635,0.8805,0.88325,0.98635,0.48238,0.31069,0.03039,0.79128,0.56713,0.22818,0.60392,0.42285,0.29852,0.91084,0.60245,0.7975,0.50437,0.26419,0.85217,0.95015,0.73651,0.91977,0.43403,0.55853,0.060053,0.57893,0.13138,0.14884,0.43561,0.058498,0.51451,0.92369,0.65481,0.16713,0.40104,0.4817,0.30245,0.4301,0.79826,0.521,0.31962,0.43919,0.49367,0.78525,0.96023,0.45119,0.28356,0.76292,0.7743,0.89068,0.96732,0.79675,0.82743,0.45726,0.6991,0.40857,0.43393,0.69421,0.1589,0.0012795,0.10736,0.28702,0.461,0.43348,0.91194,0.6727,0.25925,0.87322,0.049751,0.79637,0.45339,0.44621,0.46104,0.34151,0.62775,0.37594,0.10748,0.42166,0.53765,0.32354,0.43013,0.793,0.12423,0.25809,0.81833,0.16113,0.85222,0.6402,0.13734,0.43876,0.2525,0.25318,0.79307,0.10658,0.098739,0.47147,0.75514,0.27289,0.29573,0.87333,0.16696,0.78408,0.47704,0.85975,0.51687,0.6028,0.84298,0.68911,0.7998,0.27234,0.73,0.93504,0.9136,0.9305,0.31382,0.52713,0.5022,0.86469,0.74695,0.81346,0.70378,0.39604,0.53759,0.48546,0.72313,0.87361,0.19538,0.47589,0.091592,0.54376,0.05734,0.3935,0.7357,0.19364,0.52211,0.36134,0.36926,0.30098,0.51484,0.2161,0.965,0.41023,0.45232,1,1,-0,-1,1,0,-0,0,-1,1,-1,-0,1,-1,1,0,1,1,1,1,-0,-0,-1,1,-0,-1,-1,1,0,0,1,-1,0,-1,0,-1,1,-1,1,1,-1,1,1,1,1,1,1,-0,-1,1,-1,-1,1,-1,-1,0,-1,1,1,-1,1,-1,-1,-1,1,-1,-1,1,-1,-1,-1,-0,1,-1,-1,-1,1,-1,0,1,-1,0,1,-0,-1,-0,0,-1,1,-1,-0,1,-0,-1,-1,0,1,0,-0,1,1,-1,0,-0,1,-1,1,-1,-0,1,1,-1,1,1,-0,-1,-0,0,0,1,-1,1,-0,0,1,-1,1,-1,0,-1,-0,-1,1,1,0,1,0,1,1,-0,-1,-1,1,1,1,1,1,0,-1,0,-0,-1,0,-1,-1,1,-1,-0,-1,-0,-0,-1,0,0,1,-0,0,0,-0,0,1,-1,0,-0,-1,1,1,1,-1,1,1,1,1,1,-0,-1,-1,1,-1,1,-1,1,-1,-1,-1,-0,1,1,-1,-0
1,1,1,1,1,1,1,1,1,1,1,1,1,1,1,1,1,1,1,1,1,1,1,1,1,1,1,1,1,1,1,1,1,1,1,1,1,1,1,1,1,1,1,1,1,1,1,1,1,1,1,1,1,1,1,1,1,1,1,1,1,1,1,1,1,1,1,1,1,1,1,1,1,1,1,1,1,1,1,1,1,1,1,1,1,1,1,1,1,1,1,1,1,1,1,1,1,1,1,1,1,1,1,1,1,1,1,1,1,1,1,1,1,1,1,1,1,1,1,1,1,1,1,1,1,1,1,1,1,1,1,1,1,1,1,1,1,1,1,1,1,1,1,1,1,1,1,1,1,1,1,1,1,1,1,1,1,1,1,1,1,1,1,1,1,1,1,1,1,1,1,1,1,1,1,1,1,1,1,1,1,1,1,1,1,1,1,1,1,1,1,1,1,1,1,1,1,1,1,1,0.62335,0.56454,0.96592,0.0042042,0.20615,0.45901,0.8423,0.70813,0.952,0.54314,0.17232,0.9234,0.44065,0.43258,0.66992,0.96374,0.39571,0.76979,0.78323,0.54513,0.65023,0.60219,0.78441,0.87427,0.97494,0.013938,0.083801,0.31302,0.92475,0.82551,0.51265,0.52082,0.14991,0.68525,0.59249,0.48318,0.0056999,0.21685,0.2841,0.14094,0.82144,0.14657,0.28448,0.71945,0.53067,0.58829,0.84972,0.379,0.83966,0.11562,0.58742,0.33057,0.55727,0.2852,0.92131,0.74178,0.60101,0.206,0.56492,0.20348,0.079443,0.70586,0.65232,0.91141,0.30126,0.1422,0.55449,0.21258,0.13342,0.18584,0.82128,0.14773,0.22257,0.48062,0.49738,0.5026,0.18132,0.75144,0.40403,0.19425,0.58984,0.67216,0.30039,0.14048,0.0025474,0.64123,0.93077,0.71637,0.26098,0.97778,0.89616,0.4686,0.38628,0.79607,0.98846,0.15875,0.65843,0.76301,0.87274,0.56623,0.88889,0.2626,0.016221,0.34588,0.65084,0.52889,0.5828,0.084498,0.41988,0.65696,0.9462,0.25436,0.74879,0.017978,0.42557,0.97729,0.17766,0.41661,0.017724,0.94355,0.92909,0.92363,0.21289,0.51546,0.13477,0.0026466,0.031112,0.93399,0.64172,0.77921,0.87367,0.57162,0.58435,0.35041,0.51243,0.0706,0.22082,0.8605,0.61964,0.39282,0.72512,0.86058,0.2476,0.37794,0.45926,0.95643,0.2503,0.76421,0.60259,0.19842,0.30079,0.26407,0.27046,0.0082493,0.1966,0.21839,0.034622,0.42818,0.31693,0.85674,0.084271,0.62202,0.92833,0.75929,0.3019,0.24131,0.39003,0.42436,0.17611,0.55515,0.31979,0.55716,0.51593,0.3247,0.4078,0.91943,0.33927,0.70379,0.63604,0.96099,0.52639,0.14603,0.046562,0.093099,0.0727,0.9985,0.31315,0.23634,0.30575,0.64387,0.75501,0.078243,0.44276,0.72856,0.6817,0.17958,0.71339,0.62486,0.14251,0.24824,0,0,0,1,1,-1,-1,1,1,-1,0,0,-1,-1,1,-1,-1,0,0,-1,0,1,1,1,1,-0,0,-1,1,-1,-0,1,1,-1,1,-0,0,0,-0,1,-1,-0,1,-1,-0,-0,-0,1,1,-1,1,-1,-0,1,-0,1,-1,1,1,0,-1,-1,1,1,1,-1,1,-1,0,-1,-1,1,1,0,0,1,-1,-1,-1,0,1,-1,0,-0,1,1,0,-1,-1,-1,1,-1,-1,-1,1,1,0,-0,-1,0,1,-1,-1,-0,0,-0,1,1,-1,1,1,1,1,-1,-1,1,0,1,-1,1,1,0,-0,-1,0,0,-1,1,0,1,-0,1,-0,-0,-1,1,1,1,-1,-1,-1,-0,-1,1,1,0,-0,1,1,-0,0,0,1,0,-1,0,1,1,-0,-1,-0,-1,0,-0,-1,-1,1,-1,0,-0,1,0,1,1,0,1,1,-0,-0,1,1,-1,1,-1,-1,0,0,0,-1,1,1,1,-0,-0,1,1,-1,0,1,1
1,1,1,1,1,1,1,1,1,1,1,1,1,1,1,1,1,1,1,1,1,1,1,1,1,1,1,1,1,1,1,1,1,1,1,1,1,1,1,1,1,1,1,1,1,1,1,1,1,1,1,1,1,1,1,1,1,1,1,1,1,1,1,1,1,1,1,1,1,1,1,1,1,1,1,1,1,1,1,1,1,1,1,1,1,1,1,1,1,1,1,1,1,1,1,1,1,1,1,1,1,1,1,1,1,1,1,1,1,1,1,1,1,1,1,1,1,1,1,1,1,1,1,1,1,1,1,1,1,1,1,1,1,1,1,1,1,1,1,1,1,1,1,1,1,1,1,1,1,1,1,1,1,1,1,1,1,1,1,1,1,1,1,1,1,1,1,1,1,1,1,1,1,1,1,1,1,1,1,1,1,1,1,1,1,1,1,1,1,1,1,1,1,1,1,1,1,1,1,1,0.88467,0.15403,0.68706,0.47697,0.36332,0.55275,0.59727,0.41313,0.95422,0.65778,0.56707,0.32291,0.2203,0.93745,0.14941,0.19871,0.65672,0.58311,0.2507,0.27387,0.50379,0.3827,0.27423,0.23853,0.052659,0.10023,0.20248,0.00088348,0.91913,0.82764,0.12643,0.56474,0.69545,0.53023,0.31145,0.36583,0.86213,0.44302,0.14208,0.017666,0.90792,0.30809,0.80034,0.7381,0.1958,0.29016,0.1838,0.58702,0.60765,0.26409,0.46413,0.95338,0.96709,0.34217,0.39178,0.015839,0.00316,0.85516,0.83526,0.33698,0.12047,0.45532,0.73568,0.38575,0.47299,0.42413,0.87853,0.70522,0.29684,0.091973,0.84252,0.72337,0.37458,0.033467,0.43507,0.4145,0.55483,0.62618,0.46306,0.30952,0.62366,0.89823,0.31006,0.60122,0.50194,0.34736,0.60891,0.74338,0.44913,0.60495,0.094873,0.74062,0.99781,0.5949,0.97399,0.91962,0.63817,0.66797,0.83726,0.19068,0.61944,0.6581,0.0073694,0.87499,0.65689,0.61592,0.7405,0.86129,0.22028,0.73988,0.57392,0.32757,0.82657,0.36894,0.023126,0.1013,0.14461,0.80037,0.69215,0.94473,0.8954,0.70099,0.24112,0.46491,0.22939,0.90875,0.1556,0.19647,0.77462,0.12746,0.0024215,0.95558,0.56681,0.37702,0.14774,0.31472,0.30195,0.00052456,0.95932,0.12815,0.026602,0.79685,0.6604,0.43744,0.54855,0.8996,0.93762,0.080445,0.63913,0.86415,0.34831,0.67861,0.57282,0.55018,0.80862,0.66598,0.94702,0.73207,0.59522,0.37261,0.96879,0.4041,0.93219,0.92272,0.18318,0.77747,0.58815,0.95014,0.61558,0.05188,0.23299,0.61382,0.041838,0.05295,0.74672,0.66923,0.018508,0.83344,0.88333,0.8582,0.30969,0.88667,0.70492,0.28086,0.14477,0.40488,0.46003,0.06696,0.70257,0.39683,0.30721,0.43754,0.45227,0.98272,0.27783,0.13412,0.88607,0.52276,0.12393,0.50644,1,1,1,-1,1,-0,1,0,1,0,-0,-1,1,0,-1,-0,1,-0,-1,-1,-0,-1,-1,1,-0,0,-0,1,-1,1,1,-1,1,1,0,1,0,1,-1,1,-1,0,0,-1,-0,-1,1,1,-1,-0,-0,1,-1,-0,-1,1,-1,-1,-1,-1,0,1,-0,-1,1,-1,1,1,1,1,0,1,-1,-0,1,-1,0,-0,0,1,-0,-0,1,1,-1,1,-0,-0,1,-1,-1,1,-1,1,1,1,-1,0,1,-1,1,-0,1,0,-0,1,-1,-0,-1,-0,1,0,-1,-1,1,1,-1,-1,-1,-1,1,1,0,1,0,1,-0,-1,-1,-0,1,-1,-0,-1,1,1,0,1,-0,1,0,-1,-1,-1,-1,1,1,-1,1,1,1,-1,1,1,-1,1,-1,1,1,1,-0,-0,1,-0,1,-1,-0,1,-1,-1,-1,-1,-1,-1,0,-1,-0,1,-1,-1,-0,-1,1,-0,-0,1,-0,0,1,-1,-0,-1,0,-1,-1,1,-1,-1,-1,1
1,1,1,1,1,1,1,1,1,1,1,1,1,1,1,1,1,1,1,1,1,1,1,1,1,1,1,1,1,1,1,1,1,1,1,1,1,1,1,1,1,1,1,1,1,1,1,1,1,1,1,1,1,1,1,1,1,1,1,1,1,1,1,1,1,1,1,1,1,1,1,1,1,1,1,1,1,1,1,1,1,1,1,1,1,1,1,1,1,1,1,1,1,1,1,1,1,1,1,1,1,1,1,1,1,1,1,1,1,1,1,1,1,1,1,1,1,1,1,1,1,1,1,1,1,1,1,1,1,1,1,1,1,1,1,1,1,1,1,1,1,1,1,1,1,1,1,1,1,1,1,1,1,1,1,1,1,1,1,1,1,1,1,1,1,1,1,1,1,1,1,1,1,1,1,1,1,1,1,1,1,1,1,1,1,1,1,1,1,1,1,1,1,1,1,1,1,1,1,1,0.59245,0.54356,0.22804,0.50703,0.24548,0.20756,0.43287,0.53352,0.6937,0.24274,0.13524,0.82153,0.44943,0.12559,0.58411,0.69862,0.80319,0.42206,0.99544,0.14144,0.41619,0.0013955,0.42023,0.427,0.30892,0.58502,0.83464,0.046038,0.76111,0.12467,0.27212,0.32678,0.85149,0.43002,0.81467,0.56898,0.56255,0.34557,0.70709,0.27804,0.57486,0.93538,0.083425,0.43709,0.35504,0.58016,0.17475,0.27195,0.60489,0.58374,0.63703,0.65168,0.61072,0.75147,0.44938,0.9037,0.13217,0.36371,0.31123,0.7282,0.99295,0.47549,0.87871,0.76707,0.42449,0.98005,0.13575,0.80959,0.7886,0.82961,0.87349,0.41188,0.55305,0.72871,0.92991,0.25232,0.17959,0.793,0.85144,0.5162,0.34153,0.78217,0.68334,0.26566,0.65156,0.76917,0.20332,0.9709,0.64217,0.60724,0.9733,0.030741,0.10203,0.29703,0.9616,0.75577,0.56861,0.62048,0.43097,0.8529,0.95919,0.87868,0.67718,0.87622,0.53025,0.7916,0.98993,0.97888,0.43581,0.82159,0.86806,0.18255,0.77815,0.46877,0.29731,0.51254,0.39352,0.48234,0.6334,0.4662,0.9902,0.70656,0.40722,0.55128,0.16011,0.31437,0.19233,0.94576,0.84959,0.39715,0.61201,0.59486,0.14722,0.0796,0.033067,0.27592,0.78434,0.030454,0.19455,0.54301,0.67436,0.24093,0.88535,0.44569,0.86145,0.75694,0.439,0.58593,0.45306,0.99914,0.13417,0.9213,0.91579,0.48098,0.64637,0.79636,0.94512,0.75994,0.65048,0.83681,0.71905,0.077752,0.36836,0.95589,0.60667,0.3132,0.22455,0.18051,0.69057,0.18106,0.88687,0.29604,0.67363,0.27676,0.69918,0.32969,0.19991,0.97767,0.20011,0.14207,0.87369,0.83739,0.76769,0.7832,0.91397,0.35364,0.44857,0.57139,0.48845,0.65423,0.60238,0.93034,0.16697,0.4789,0.8564,0.075945,0.8635,0.52672,0.25585,0.12394,-1,0,-1,-1,-0,1,-1,-1,1,-0,-0,-0,1,-0,1,1,1,-1,1,-1,1,-1,1,-1,-1,1,1,-1,-0,-1,1,1,-1,-0,-1,1,-1,-1,1,-1,-0,1,-1,-1,1,1,1,-1,1,-1,1,-1,0,1,1,-0,1,0,-1,-1,-0,-0,-0,-0,-1,0,1,1,-0,1,-1,-1,0,1,-0,1,-0,-0,1,-1,1,1,-1,1,1,-1,-1,0,1,1,0,0,-1,-1,1,1,1,1,-1,-1,-1,-1,-0,-1,0,1,-0,-1,1,1,-1,0,0,-0,-1,-1,1,1,-1,-1,1,-1,-0,1,-0,-1,0,-1,-1,1,-1,1,-1,1,0,1,0,1,0,1,0,0,-1,0,-1,-1,1,-1,1,0,0,0,1,-1,-1,1,0,1,1,1,-1,1,0,-1,-1,-0,-1,1,1,-1,1,0,1,-1,-0,-1,1,-1,0,1,-1,-0,-1,0,0,0,-1,-1,1,-0,-1,-0,-1,-0,0,1,-0,-1,0,1
1,1,1,1,1,1,1,1,1,1,1,1,1,1,1,1,1,1,1,1,1,1,1,1,1,1,1,1,1,1,1,1,1,1,1,1,1,1,1,1,1,1,1,1,1,1,1,1,1,1,1,1,1,1,1,1,1,1,1,1,1,1,1,1,1,1,1,1,1,1,1,1,1,1,1,1,1,1,1,1,1,1,1,1,1,1,1,1,1,1,1,1,1,1,1,1,1,1,1,1,1,1,1,1,1,1,1,1,1,1,1,1,1,1,1,1,1,1,1,1,1,1,1,1,1,1,1,1,1,1,1,1,1,1,1,1,1,1,1,1,1,1,1,1,1,1,1,1,1,1,1,1,1,1,1,1,1,1,1,1,1,1,1,1,1,1,1,1,1,1,1,1,1,1,1,1,1,1,1,1,1,1,1,1,1,1,1,1,1,1,1,1,1,1,1,1,1,1,1,1,0.26489,0.01435,0.76804,0.065936,0.85144,0.96351,0.40033,0.47792,0.47775,0.50575,0.7759,0.43411,0.28985,0.36638,0.6306,0.15155,0.95542,0.94,0.31848,0.78178,0.273,0.93718,0.74369,0.52163,0.77265,0.24205,0.52412,0.046962,0.17819,0.61544,0.15566,0.41336,0.32756,0.86039,0.43449,0.47048,0.23583,0.0084102,0.79368,0.78708,0.80793,0.45752,0.47886,0.18648,0.39181,0.69352,0.70699,0.4503,0.7778,0.34543,0.091463,0.56648,0.033613,0.957,0.23662,0.71102,0.96549,0.73474,0.46866,0.68737,0.94689,0.51721,0.2888,0.59373,0.30485,0.41824,0.70901,0.83576,0.33539,0.55058,0.53535,0.025175,0.92181,0.50534,0.2835,0.90137,0.92405,0.9747,0.80445,0.057987,0.72165,0.53482,0.92175,0.45554,0.35021,0.81304,0.79756,0.64968,0.51436,0.67362,0.30711,0.36539,0.72383,0.29205,0.69924,0.55032,0.85726,0.59531,0.42316,0.32996,0.41022,0.025114,0.82219,0.57899,0.033027,0.64901,0.75931,0.078772,0.42868,0.8349,0.9209,0.40241,0.064904,0.39573,0.95704,0.97895,0.68149,0.0060848,0.76721,0.44427,0.6981,0.43691,0.79946,0.26354,0.65197,0.53182,0.66645,0.58235,0.23535,0.895,0.071487,0.9151,0.44914,0.80694,0.94101,0.89521,0.55237,0.00091021,0.19894,0.87919,0.42535,0.51869,0.46016,0.88329,0.36298,0.34975,0.34635,0.097245,0.63168,0.86109,0.47035,0.21452,0.25863,0.38594,0.83621,0.63858,0.37728,0.019264,0.23825,0.081725,0.65555,0.71063,0.94826,0.57645,0.47894,0.66538,0.12235,0.64693,0.32927,0.47478,0.47915,0.67517,0.10787,0.94501,0.71544,0.095887,0.5731,0.29123,0.27747,0.68869,0.33503,0.57909,0.70701,0.61177,0.36893,0.04855,0.49756,0.18754,0.56432,0.5959,0.13696,0.71086,0.53159,0.2583,0.48073,0.61483,0.61483,0.10883,0.83144,0.65244,-1,1,1,1,-1,1,1,0,1,-1,-1,1,1,1,1,-0,0,-0,-0,-1,-0,1,-1,1,-1,-0,1,-0,0,-0,1,1,0,-1,1,0,0,1,1,-1,1,-0,-0,1,-1,-1,1,0,0,-0,-1,-0,-1,-1,-1,1,-1,-1,1,0,1,-1,1,-0,1,-0,-1,0,1,-0,1,-1,-1,1,-0,1,1,0,-1,0,-1,1,1,-0,-1,1,1,-1,-1,1,0,-1,0,1,0,-1,-1,1,-0,-1,-0,1,-0,-0,0,0,1,1,-1,1,0,1,0,-1,-1,1,1,1,1,1,1,1,-1,-0,-1,-1,-0,1,1,1,-1,1,0,1,1,-1,1,1,-1,-1,-1,-1,-1,1,1,-1,1,-1,-1,1,-1,1,-1,-1,1,-1,1,1,0,1,1,-0,0,-0,-1,-0,-0,-1,0,-0,-0,-1,-0,-1,-1,0,1,-1,-0,0,-0,1,-1,-1,0,-1,1,1,1,1,1,0,-1,1,-1,1,-0,-1,0,-0
1,1,1,1,1,1,1,1,1,1,1,1,1,1,1,1,1,1,1,1,1,1,1,1,1,1,1,1,1,1,1,1,1,1,1,1,1,1,1,1,1,1,1,1,1,1,1,1,1,1,1,1,1,1,1,1,1,1,1,1,1,1,1,1,1,1,1,1,1,1,1,1,1,1,1,1,1,1,1,1,1,1,1,1,1,1,1,1,1,1,1,1,1,1,1,1,1,1,1,1,1,1,1,1,1,1,1,1,1,1,1,1,1,1,1,1,1,1,1,1,1,1,1,1,1,1,1,1,1,1,1,1,1,1,1,1,1,1,1,1,1,1,1,1,1,1,1,1,1,1,1,1,1,1,1,1,1,1,1,1,1,1,1,1,1,1,1,1,1,1,1,1,1,1,1,1,1,1,1,1,1,1,1,1,1,1,1,1,1,1,1,1,1,1,1,1,1,1,1,1,0.85001,0.69688,0.6307,0.25935,0.40433,0.82926,0.66614,0.20187,0.53746,0.606,0.53624,0.7574,0.59376,0.098026,0.0083212,0.89376,0.22978,0.60885,0.88326,0.89548,0.5122,0.30191,0.16617,0.56751,0.10195,0.53886,0.86194,0.68501,0.13147,0.54806,0.60405,0.83181,0.34611,0.12511,0.8955,0.97847,0.74309,0.85948,0.92783,0.015081,0.98453,0.41262,0.48718,0.54567,0.39234,0.85888,0.17683,0.37342,0.67487,0.544,0.46027,0.5731,0.39971,0.7039,0.1056,0.34785,0.012193,0.39428,0.1188,0.2093,0.30938,0.89698,0.56861,0.47533,0.39724,0.92794,0.93064,0.42413,0.45033,0.010128,0.88756,0.28993,0.70214,0.85866,0.21246,0.83073,0.19052,0.56716,0.39614,0.6649,0.19573,0.57281,0.59092,0.97937,0.032573,0.65842,0.28298,0.99172,0.27689,0.9023,0.70853,0.45335,0.46415,0.95126,0.87249,0.8889,0.6037,0.98012,0.89533,0.83671,0.82287,0.86884,0.66855,0.01983,0.091338,0.69754,0.23311,0.12178,0.31903,0.27812,0.43358,0.54873,0.57189,0.1466,0.72794,0.21088,0.18388,0.68682,0.40784,0.54912,0.46097,0.1279,0.18128,0.59035,0.18812,0.15227,0.46836,0.78482,0.058737,0.17869,0.7103,0.0035496,0.9821,0.35889,0.56975,0.28544,0.65271,0.29539,0.21392,0.61889,0.41549,0.7468,0.18104,0.012504,0.4188,0.68303,0.57489,0.43279,0.88081,0.29215,0.45536,0.44685,0.84519,0.070087,0.38506,0.18307,0.15642,0.86566,0.27845,0.67547,0.27258,0.072434,0.56329,0.36358,0.98347,0.26019,0.43234,0.058354,0.89331,0.95207,0.41713,0.27182,0.79514,0.042983,0.65253,0.86806,0.12297,0.8515,0.31038,0.29416,0.1355,0.68556,0.12312,0.53325,0.90641,0.12821,0.0074249,0.017167,0.79468,0.095683,0.84837,0.79658,0.70976,0.61687,0.84679,0.32122,0.43369,0.76983,0.45783,0.82184,1,-1,0,0,1,1,1,-0,-1,-1,0,-1,1,-1,-1,-0,1,1,-1,1,-1,-1,0,-0,-1,1,0,1,-1,-0,0,-1,1,-1,-0,-1,1,-1,-1,-1,0,-1,1,1,1,-0,-0,0,-0,-0,-1,-1,1,0,-1,1,-0,-1,0,1,-0,-1,0,-1,1,-1,1,-0,-0,-0,1,-0,-0,-1,1,1,1,-1,-1,-0,-1,0,-1,1,1,-0,1,0,1,-0,1,1,-1,-1,0,-0,-1,1,0,1,1,-1,1,1,1,-1,-1,0,1,1,0,-1,1,0,1,0,1,-0,-1,0,1,-1,1,0,1,-1,1,1,1,0,-1,-0,0,1,1,1,1,-1,1,-0,-1,-1,-1,-0,-0,-1,1,0,1,-1,1,-0,-1,-1,1,-0,1,1,1,-0,1,-1,0,0,-1,1,-0,-1,-1,-1,1,-1,-1,1,-0,1,-0,1,-0,1,0,-1,1,-1,-1,-1,-1,1,1,1,1,1,-1,1,-1,-1,-1,1,1,1
1,1,1,1,1,1,1,1,1,1,1,1,1,1,1,1,1,1,1,1,1,1,1,1,1,1,1,1,1,1,1,1,1,1,1,1,1,1,1,1,1,1,1,1,1,1,1,1,1,1,1,1,1,1,1,1,1,1,1,1,1,1,1,1,1,1,1,1,1,1,1,1,1,1,1,1,1,1,1,1,1,1,1,1,1,1,1,1,1,1,1,1,1,1,1,1,1,1,1,1,1,1,1,1,1,1,1,1,1,1,1,1,1,1,1,1,1,1,1,1,1,1,1,1,1,1,1,1,1,1,1,1,1,1,1,1,1,1,1,1,1,1,1,1,1,1,1,1,1,1,1,1,1,1,1,1,1,1,1,1,1,1,1,1,1,1,1,1,1,1,1,1,1,1,1,1,1,1,1,1,1,1,1,1,1,1,1,1,1,1,1,1,1,1,1,1,1,1,1,1,0.10991,0.8222,0.81664,0.43616,0.58299,0.46361,0.76757,0.10714,0.10851,0.94088,0.74439,0.86166,0.66987,0.97777,0.10805,0.48656,0.19133,0.84635,0.59832,0.25493,0.31714,0.12188,0.087227,0.70211,0.12657,0.77189,0.96976,0.093796,0.8984,0.87486,0.032963,0.70573,0.24816,0.33601,0.41293,0.21754,0.047035,0.21303,0.50039,0.13016,0.014266,0.4468,0.47555,0.73945,0.3525,0.07567,0.52372,0.67016,0.83104,0.64142,0.11456,0.90208,0.24481,0.98772,0.85898,0.22781,0.65761,0.81598,0.25811,0.29122,0.25834,0.51246,0.10002,0.15745,0.5421,0.86656,0.62705,0.33177,0.97321,0.34327,0.61755,0.63381,0.10137,0.50039,0.22294,0.15996,0.81913,0.43864,0.84606,0.75847,0.64871,0.25423,0.30716,0.094364,0.21085,0.22622,0.83044,0.29386,0.96672,0.31673,0.61201,0.93118,0.65283,0.87166,0.30071,0.13782,0.039658,0.93805,0.33813,0.35885,0.020554,0.20585,0.50003,0.76738,0.8936,0.37586,0.58442,0.47899,0.58638,0.83037,0.062531,0.56505,0.15037,0.036664,0.97832,0.849,0.41159,0.43057,0.25145,0.55441,0.25581,0.90733,0.23394,0.048633,0.15008,0.26573,0.47553,0.8437,0.082559,0.4669,0.76711,0.047721,0.94642,0.54309,0.27082,0.61492,0.60352,0.51411,0.52486,0.34775,0.80969,0.85549,0.23041,0.74899,0.3875,0.18045,0.43967,0.0052852,0.18485,0.24792,0.047747,0.36411,0.25234,0.46909,0.69441,0.81253,0.083934,0.31927,0.62976,0.09295,0.35474,0.54899,0.80277,0.14431,0.57167,0.71194,0.69218,0.013104,0.30223,0.6109,0.12538,0.34056,0.69184,0.8098,0.36991,0.05715,0.42335,0.16438,0.17236,0.698,0.3399,0.032286,0.64319,0.95187,0.22685,0.16678,0.6905,0.28497,0.0038277,0.72344,0.029149,0.37342,0.15525,0.4772,0.60707,0.90943,0.75826,0.027097,0.53389,0.31301,1,0,1,-1,1,1,-1,1,-1,-0,1,-1,0,-0,1,-1,-1,0,-1,1,1,1,1,1,0,-1,-1,-0,-1,1,1,1,1,-0,0,1,1,1,1,-1,-0,-1,-1,-1,-1,1,-1,-0,1,-0,-0,1,-1,-0,0,0,-1,-1,0,-1,1,-0,1,1,1,0,-0,1,-1,0,-1,1,-1,1,0,1,0,0,1,-1,1,1,0,1,1,1,-1,-0,1,0,-1,1,-1,1,-1,-1,-1,1,1,1,1,1,1,0,-1,1,0,-0,1,-1,-0,1,1,1,1,0,1,1,-1,0,1,-1,-1,-1,-0,1,1,-1,-0,-1,0,1,1,1,-1,0,1,-1,1,-1,-1,-1,1,1,1,1,-1,1,-1,1,-0,-1,-1,-1,1,1,-0,-1,-0,0,-1,1,0,-1,0,-1,-1,-1,1,0,-0,0,1,-1,-1,-1,-0,1,1,-0,-1,-0,0,-1,-1,1,1,0,-1,-1,-1,-1,-0,-1,-1,-1,1,-0,-0,1
1,1,1,1,1,1,1,1,1,1,1,1,1,1,1,1,1,1,1,1,1,1,1,1,1,1,1,1,1,1,1,1,1,1,1,1,1,1,1,1,1,1,1,1,1,1,1,1,1,1,1,1,1,1,1,1,1,1,1,1,1,1,1,1,1,1,1,1,1,1,1,1,1,1,1,1,1,1,1,1,1,1,1,1,1,1,1,1,1,1,1,1,1,1,1,1,1,1,1,1,1,1,1,1,1,1,1,1,1,1,1,1,1,1,1,1,1,1,1,1,1,1,1,1,1,1,1,1,1,1,1,1,1,1,1,1,1,1,1,1,1,1,1,1,1,1,1,1,1,1,1,1,1,1,1,1,1,1,1,1,1,1,1,1,1,1,1,1,1,1,1,1,1,1,1,1,1,1,1,1,1,1,1,1,1,1,1,1,1,1,1,1,1,1,1,1,1,1,1,1,0.49841,0.56885,0.67403,0.81345,0.23756,0.43127,0.16742,0.23467,0.59642,0.92976,0.64898,0.36775,0.53938,0.03363,0.098957,0.43494,0.52769,0.090726,0.016005,0.22313,0.58717,0.90523,0.9537,0.021392,0.60794,0.32356,0.02384,0.75234,0.17185,0.83797,0.20055,0.015878,0.57119,0.061131,0.53472,0.048859,0.1647,0.528,0.45113,0.34815,0.14506,0.72217,0.32945,0.007144,0.18202,0.47277,0.50303,0.88502,0.45087,0.91977,0.90775,0.56834,0.9296,0.41134,0.76622,0.47034,0.020517,0.80344,0.52768,0.93816,0.63837,0.90641,0.78084,0.17319,0.39341,0.062877,0.028243,0.91684,0.58417,0.99587,0.89116,0.59566,0.043953,0.090251,0.15409,0.85447,0.72189,0.40568,0.99513,0.17828,0.081001,0.92314,0.26085,0.26646,0.36072,0.38497,0.79961,0.37519,0.98959,0.17764,0.47079,0.036059,0.73044,0.22599,0.60141,0.73052,0.15979,0.54799,0.76307,0.87732,0.84213,0.26937,0.34703,0.68179,0.81118,0.84025,0.87959,0.82949,0.53478,0.10647,0.94055,0.85213,0.2693,0.70518,0.59644,0.084732,0.19442,0.96645,0.61806,0.62915,0.41618,0.76517,0.18054,0.81819,0.21368,0.6914,0.19713,0.25377,0.34202,0.93579,0.12668,0.81404,0.83776,0.96063,0.76408,0.13991,0.057505,0.10229,0.86841,0.17276,0.0067565,0.95519,0.24454,0.12859,0.89178,0.089224,0.588,0.6385,0.26586,0.38081,0.26916,0.15552,0.89326,0.45484,0.47507,0.83056,0.46849,0.16881,0.31923,0.9406,0.14163,0.11154,0.25848,0.16768,0.22243,0.69597,0.51637,0.23315,0.56986,0.95422,0.23115,0.49611,0.876,0.35596,0.5309,0.90174,0.12704,0.37854,0.27404,0.67595,0.40406,0.8037,0.727,0.12217,0.42267,0.7958,0.5502,0.048235,0.26493,0.35232,0.012539,0.71789,0.93129,0.021342,0.35605,0.17751,0.37174,0.21563,0.66877,0.49134,1,-0,1,-0,-1,0,-0,-1,1,1,1,-1,-0,-1,-0,-1,-1,1,-1,-1,-1,-0,-0,1,0,0,1,-1,1,0,1,1,1,1,-1,1,1,-1,-1,-1,1,1,-0,1,1,1,0,1,-1,1,1,-1,0,-1,1,1,1,-0,0,-0,1,1,1,0,-0,1,-1,1,0,1,-1,1,1,-1,-1,-1,1,-0,-0,0,1,1,0,1,-0,1,1,-1,-1,1,-0,1,-1,1,0,1,0,1,1,0,1,0,-1,-1,-1,1,-1,-0,1,-1,-1,1,-1,-0,1,0,0,1,-1,1,0,1,1,-1,-1,-1,1,1,1,-1,1,-0,1,-1,-1,1,1,0,-1,1,1,-1,1,0,1,-1,-0,-1,1,-1,-1,0,-1,-1,-1,1,-1,1,-0,-0,0,-1,0,1,1,-1,0,-0,0,1,1,-1,-1,-1,1,-1,-0,0,1,1,-1,0,-1,-1,1,0,0,0,-1,1,1,-0,-1,1,-1,1,-0,1,1,1
1,1,1,1,1,1,1,1,1,1,1,1,1,1,1,1,1,1,1,1,1,1,1,1,1,1,1,1,1,1,1,1,1,1,1,1,1,1,1,1,1,1,1,1,1,1,1,1,1,1,1,1,1,1,1,1,1,1,1,1,1,1,1,1,1,1,1,1,1,1,1,1,1,1,1,1,1,1,1,1,1,1,1,1,1,1,1,1,1,1,1,1,1,1,1,1,1,1,1,1,1,1,1,1,1,1,1,1,1,1,1,1,1,1,1,1,1,1,1,1,1,1,1,1,1,1,1,1,1,1,1,1,1,1,1,1,1,1,1,1,1,1,1,1,1,1,1,1,1,1,1,1,1,1,1,1,1,1,1,1,1,1,1,1,1,1,1,1,1,1,1,1,1,1,1,1,1,1,1,1,1,1,1,1,1,1,1,1,1,1,1,1,1,1,1,1,1,1,1,1,0.19342,0.31363,0.46758,0.062336,0.34468,0.74334,0.18866,0.82944,0.98493,0.089644,0.46516,0.52556,0.35969,0.014338,0.21604,0.52055,0.32097,0.64112,0.23676,0.64219,0.74547,0.81075,0.86602,0.52183,0.14521,0.014688,0.76233,0.15744,0.026202,0.7429,0.26061,0.52332,0.3566,0.49399,0.98353,0.2657,0.92906,0.88577,0.27919,0.61809,0.58803,0.96306,0.56217,0.34279,0.85833,0.86668,0.85377,0.77822,0.76376,0.19057,0.17613,0.55878,0.96376,0.95157,0.28567,0.076349,0.7663,0.36081,0.7012,0.038476,0.22816,0.49593,0.36782,0.47675,0.79782,0.02405,0.33169,0.54519,0.94772,0.78535,0.75086,0.5194,0.34648,0.58092,0.29262,0.56107,0.23051,0.48815,0.9527,0.54745,0.94426,0.34346,0.99438,0.2765,0.40694,0.50807,0.64616,0.67569,0.21245,0.63766,0.34786,0.25192,0.36297,0.62883,0.86625,0.36033,0.35404,0.035858,0.20055,0.87985,0.3118,0.22274,0.70791,0.97417,0.56076,0.16363,0.89473,0.79877,0.263,0.27203,0.33967,0.17099,0.74837,0.70388,0.45256,0.20082,0.9201,0.53737,0.4989,0.85008,0.8744,0.95911,0.91711,0.23697,0.4612,0.9917,0.75792,0.75116,0.40513,0.35779,0.39824,0.83436,0.1309,0.84363,0.057342,0.64424,0.1074,0.070606,0.89998,0.99467,0.36609,0.093575,0.050536,0.55566,0.36417,0.36348,0.95335,0.51025,0.68576,0.0057866,0.62467,0.62114,0.90506,0.47305,0.9666,0.80519,0.77956,0.69084,0.70065,0.54043,0.27709,0.084003,0.64524,0.26771,0.46071,0.088038,0.63636,0.73714,0.89171,0.59752,0.50472,0.42235,0.72751,0.11544,0.088379,0.86078,0.45354,0.18755,0.79928,0.11445,0.21275,0.7266,0.68584,0.55544,0.46297,0.97234,0.29304,0.26833,0.65436,0.8213,0.3605,0.31219,0.32961,0.36567,0.062063,0.28497,0.7882,0.47438,0.093742,0.67455,-1,1,-1,1,1,-0,-1,0,0,1,1,-1,0,1,-0,1,-1,-1,-1,0,-1,1,-1,1,-0,1,-1,-0,1,0,1,-1,1,-1,-1,-1,0,-1,1,-0,1,-1,1,1,1,-0,0,1,-0,-1,0,0,-0,-1,-1,-0,1,1,0,-1,1,-1,-0,0,1,-1,-1,1,-1,1,-1,1,-1,1,1,-0,1,-1,-0,-1,1,-0,0,-1,-1,1,1,-1,1,1,1,-1,-1,1,-1,-1,-1,1,-1,1,1,-0,0,0,0,0,1,-0,-1,1,-1,1,1,-0,-1,-1,1,-1,1,1,1,-1,-0,1,-0,-1,1,-1,1,0,1,-1,1,1,-1,1,-1,1,-1,-1,-0,0,-1,-0,-1,-0,1,-1,0,1,1,-1,1,-1,-1,-1,-1,-1,1,1,-1,-0,0,0,-0,-1,1,1,-0,1,-1,-1,1,-0,-1,1,1,1,0,-1,-1,-0,1,0,1,-1,1,0,1,1,0,1,0,-0,1,1,0,-0,1,0
1,1,1,1,1,1,1,1,1,1,1,1,1,1,1,1,1,1,1,1,1,1,1,1,1,1,1,1,1,1,1,1,1,1,1,1,1,1,1,1,1,1,1,1,1,1,1,1,1,1,1,1,1,1,1,1,1,1,1,1,1,1,1,1,1,1,1,1,1,1,1,1,1,1,1,1,1,1,1,1,1,1,1,1,1,1,1,1,1,1,1,1,1,1,1,1,1,1,1,1,1,1,1,1,1,1,1,1,1,1,1,1,1,1,1,1,1,1,1,1,1,1,1,1,1,1,1,1,1,1,1,1,1,1,1,1,1,1,1,1,1,1,1,1,1,1,1,1,1,1,1,1,1,1,1,1,1,1,1,1,1,1,1,1,1,1,1,1,1,1,1,1,1,1,1,1,1,1,1,1,1,1,1,1,1,1,1,1,1,1,1,1,1,1,1,1,1,1,1,1,0.27179,0.67505,0.17258,0.8679,0.36813,0.47333,0.49719,0.1525,0.79756,0.13896,0.96827,0.27001,0.90971,0.65367,0.85969,0.25651,0.00059549,0.96182,0.80934,0.36303,0.49737,0.56902,0.75871,0.73608,0.26032,0.67827,0.098845,0.98376,0.14459,0.2016,0.83515,0.73591,0.34797,0.42538,0.2392,0.23484,0.79189,0.18268,0.15254,0.31473,0.19497,0.60419,0.85226,0.86652,0.57809,0.28152,0.91476,0.010906,0.60139,0.42756,0.27907,0.12293,0.27296,0.80763,0.94894,0.74292,0.44196,0.55658,0.89438,0.25673,0.20824,0.30352,0.053285,0.29553,0.97068,0.81683,0.59765,0.43954,0.71589,0.2289,0.64847,0.97121,0.63536,0.72653,0.29677,0.055908,0.11432,0.29066,0.1251,0.5812,0.21749,0.22681,0.11212,0.10189,0.29594,0.71198,0.1811,0.9246,0.4574,0.69168,0.71323,0.96988,0.31535,0.68267,0.99392,0.34083,0.56918,0.37473,0.097345,0.22558,0.10242,0.080741,0.21857,0.96048,0.15165,0.72904,0.86699,0.35101,0.21689,0.45476,0.80562,0.59917,0.32029,0.10485,0.084898,0.75433,0.4498,0.15059,0.92507,0.6876,0.24809,0.61881,0.040286,0.44532,0.8702,0.65897,0.34857,0.27516,0.99851,0.11658,0.7191,0.2011,0.63726,0.34412,0.023864,0.65968,0.68962,0.60291,0.55581,0.96422,0.22902,0.59004,0.49958,0.022158,0.71157,0.15993,0.94408,0.78471,0.07608,0.21878,0.72419,0.89665,0.56723,0.47734,0.78565,0.84489,0.36823,0.43895,0.61597,0.93196,0.29014,0.67099,0.38128,0.015132,0.15998,0.62871,0.59898,0.96483,0.67083,0.20964,0.82217,0.90923,0.82157,0.13329,0.1982,0.038182,0.98955,0.3681,0.50704,0.89978,0.98586,0.2793,0.34574,0.54277,0.86056,0.41996,0.31852,0.23463,0.41135,0.8228,0.51606,0.97285,0.32001,0.39191,0.13558,0.77343,0.12817,0.45582,0.46908,0.36268,1,1,-1,-1,-1,1,1,-0,0,-1,1,-1,-1,-1,1,1,-0,0,1,-0,1,-0,1,-1,-0,1,1,1,-1,1,-0,1,1,1,1,1,-0,1,-1,-0,-0,-1,0,-1,-1,1,0,1,1,-1,1,1,1,-1,-1,1,1,-1,-0,0,0,-1,1,1,1,1,1,1,-1,0,1,-0,-1,1,-0,-1,-1,1,0,1,0,1,1,0,-0,-0,0,1,1,0,1,-1,-0,1,-1,-0,-1,-1,-1,-1,1,1,-1,-1,0,-0,-1,-0,0,1,1,1,0,0,-0,1,1,-1,1,-1,0,-1,-1,-0,1,-0,0,-1,0,1,-0,-1,1,-1,-0,0,0,1,-0,1,1,1,-1,-1,-0,-0,1,0,0,1,-1,-1,-1,1,-1,0,1,1,0,1,-1,-1,-1,0,0,-0,-0,0,1,-1,1,-1,1,1,-1,1,-1,1,-0,1,-1,-0,-1,-1,-1,-1,1,-1,0,-0,-0,1,-1,0,-0,1,-1,0,-0,1
1,1,1,1,1,1,1,1,1,1,1,1,1,1,1,1,1,1,1,1,1,1,1,1,1,1,1,1,1,1,1,1,1,1,1,1,1,1,1,1,1,1,1,1,1,1,1,1,1,1,1,1,1,1,1,1,1,1,1,1,1,1,1,1,1,1,1,1,1,1,1,1,1,1,1,1,1,1,1,1,1,1,1,1,1,1,1,1,1,1,1,1,1,1,1,1,1,1,1,1,1,1,1,1,1,1,1,1,1,1,1,1,1,1,1,1,1,1,1,1,1,1,1,1,1,1,1,1,1,1,1,1,1,1,1,1,1,1,1,1,1,1,1,1,1,1,1,1,1,1,1,1,1,1,1,1,1,1,1,1,1,1,1,1,1,1,1,1,1,1,1,1,1,1,1,1,1,1,1,1,1,1,1,1,1,1,1,1,1,1,1,1,1,1,1,1,1,1,1,1,0.85802,0.96281,0.068872,0.87471,0.41104,0.19613,0.78129,0.21587,0.026545,0.17894,0.57137,0.20488,0.96119,0.47681,0.65125,0.067622,0.78376,0.61657,0.047662,0.14937,0.0934,0.19329,0.55139,0.94033,0.16952,0.55218,0.9702,0.95398,0.40503,0.066636,0.018976,0.19135,0.70298,0.037797,0.13775,0.539,0.37462,0.45833,0.041521,0.3804,0.33138,0.68017,0.59983,0.8882,0.36162,0.16149,0.57456,0.067255,0.5116,0.43745,0.39086,0.39298,0.69449,0.91722,0.11813,0.59203,0.2137,0.60016,0.16305,0.86155,0.3138,0.39191,0.45162,0.60834,0.97916,0.44808,0.80115,0.20723,0.1772,0.97123,0.11285,0.39198,0.093523,0.42305,0.03614,0.72441,0.41291,0.086836,0.8526,0.65625,0.84499,0.19424,0.81126,0.57974,0.33373,0.32924,0.44222,0.048557,0.6281,0.54495,0.92948,0.83755,0.36913,0.35082,0.43909,0.11496,0.62261,0.59513,0.021243,0.53715,0.45869,0.012808,0.63305,0.12103,0.10442,0.074111,0.96168,0.57536,0.5401,0.16895,0.78254,0.92286,0.38712,0.53008,0.45395,0.9689,0.30002,0.39118,0.39238,0.71706,0.25704,0.11823,0.88921,0.21449,0.36631,0.00064615,0.23202,0.33756,0.14628,0.67605,0.83338,0.57805,0.78669,0.74795,0.92825,0.58281,0.77326,0.1074,0.33494,0.044344,0.34727,0.89956,0.5379,0.3732,0.97283,0.069781,0.26274,0.92556,0.7496,0.37546,0.26397,0.88114,0.020058,0.91589,0.036972,0.89914,0.62072,0.62278,0.5784,0.68382,0.67041,0.26276,0.76527,0.81352,0.45865,0.74506,0.61943,0.61646,0.35894,0.6423,0.83152,0.82228,0.47842,0.6812,0.39241,0.77471,0.45399,0.95974,0.49342,0.53402,0.88869,0.13942,0.74736,0.85271,0.3945,0.17715,0.10603,0.27195,0.068241,0.6635,0.26341,0.45735,0.85893,0.18449,0.16382,0.26168,0.08574,0.83608,0.83506,0.65992,-0,-1,-1,1,1,1,-1,-1,1,-0,0,1,-0,1,-0,-0,0,-1,1,-0,-1,1,-0,-0,1,1,-1,1,1,-1,-0,1,1,1,-1,1,-1,-0,-1,1,-0,1,-1,-1,1,1,0,-0,-0,0,-1,0,-1,1,1,1,-1,-1,1,1,1,-1,1,-1,1,0,0,-1,-1,-0,-1,1,-1,-1,1,-1,-1,0,1,-1,-1,1,1,-1,1,-0,1,-1,-0,1,1,1,1,0,-1,-1,1,1,-1,1,-1,-0,-1,0,-1,-0,0,0,-0,0,1,1,1,1,1,1,1,1,1,-1,0,0,0,-1,-1,-1,1,1,-1,-1,-1,1,1,0,0,1,1,-1,-1,1,1,1,-0,-0,1,1,-1,-0,1,0,1,-1,1,1,-1,1,-1,-0,-0,-1,1,-0,1,1,0,1,1,0,0,-1,-1,-1,1,0,-0,1,-1,-1,-1,0,-1,1,-1,-0,-1,1,-1,-1,0,0,0,1,0,-1,1,1,0,-1,1,-1
1,1,1,1,1,1,1,1,1,1,1,1,1,1,1,1,1,1,1,1,1,1,1,1,1,1,1,1,1,1,1,1,1,1,1,1,1,1,1,1,1,1,1,1,1,1,1,1,1,1,1,1,1,1,1,1,1,1,1,1,1,1,1,1,1,1,1,1,1,1,1,1,1,1,1,1,1,1,1,1,1,1,1,1,1,1,1,1,1,1,1,1,1,1,1,1,1,1,1,1,1,1,1,1,1,1,1,1,1,1,1,1,1,1,1,1,1,1,1,1,1,1,1,1,1,1,1,1,1,1,1,1,1,1,1,1,1,1,1,1,1,1,1,1,1,1,1,1,1,1,1,1,1,1,1,1,1,1,1,1,1,1,1,1,1,1,1,1,1,1,1,1,1,1,1,1,1,1,1,1,1,1,1,1,1,1,1,1,1,1,1,1,1,1,1,1,1,1,1,1,0.21732,0.64996,0.66195,0.70454,0.0067455,0.66929,0.51206,0.58933,0.11666,0.47466,0.060057,0.88579,0.38577,0.11344,0.20748,0.92738,0.37989,0.69291,0.62811,0.84942,0.63052,0.05799,0.4258,0.38616,0.35028,0.56628,0.24912,0.44978,0.73844,0.64219,0.63092,0.48076,0.69378,0.41984,0.87395,0.90751,0.88775,0.70691,0.35984,0.83976,0.75828,0.17245,0.020139,0.99511,0.052613,0.0082034,0.638,0.21428,0.7094,0.21221,0.14909,0.40877,0.57824,0.43336,0.3396,0.30118,0.14674,0.87124,0.19314,0.082322,0.94963,0.97373,0.97907,0.31384,0.66604,0.47794,0.09805,0.97097,0.39395,0.79906,0.45594,0.71312,0.18026,0.94544,0.64403,0.37602,0.43637,0.90642,0.19317,0.066823,0.043525,0.20209,0.59536,0.038612,0.57963,0.6307,0.7657,0.23542,0.87528,0.66033,0.62938,0.80098,0.5392,0.6293,0.77534,0.36825,0.89404,0.69594,0.93041,0.16376,0.40526,0.1486,0.68949,0.80588,0.24499,0.3939,0.68516,0.56223,0.528,0.54374,0.4075,0.91464,0.020102,0.093682,0.87061,0.37493,0.63195,0.96939,0.70621,0.99485,0.60304,0.21746,0.86402,0.56209,0.44355,0.82021,0.51394,0.0093268,0.45158,0.82773,0.42447,0.028298,0.29127,0.60867,0.74553,0.50471,0.58125,0.029126,0.60829,0.96075,0.27873,0.89771,0.0045186,0.56838,0.89631,0.22768,0.90252,0.46369,0.63593,0.22225,0.61902,0.1523,0.43511,0.47438,0.57604,0.71327,0.10119,0.39087,0.50339,0.33809,0.18217,0.068082,0.42374,0.17527,0.047227,0.71072,0.81487,0.98029,0.52735,0.65858,0.079439,0.8864,0.99899,0.13947,0.27989,0.99154,0.46952,0.57573,0.69746,0.9794,0.020059,0.28757,0.5713,0.62288,0.41523,0.97328,0.12729,0.56751,0.93766,0.99892,0.77942,0.5987,0.41991,0.88953,0.25116,0.36748,0.50647,0.99754,0.29189,0.018971,1,-1,0,1,1,0,-1,0,1,-0,1,-1,-0,-0,-1,1,1,-1,-1,1,-1,-1,1,1,-1,-0,-1,1,1,-1,-1,1,-1,-1,1,-1,1,-1,0,-1,1,0,1,-1,-1,1,-1,-1,1,1,-1,1,-1,1,1,0,1,0,-0,0,1,0,1,-0,-1,-1,0,-1,-1,1,-0,1,-1,-1,-1,-1,-1,-1,-0,1,0,-0,0,-0,-0,1,-1,-1,-1,1,1,-0,-1,-0,0,1,-1,-0,0,-1,-0,-1,1,1,-0,-1,1,-1,0,0,0,1,1,-1,0,-1,-0,-0,-1,-0,-1,0,-1,-1,1,-1,1,0,-1,0,-0,1,1,0,1,1,0,-0,1,-1,-1,-1,-1,1,-1,1,1,-1,-1,-1,1,1,0,1,1,0,0,-0,0,-1,1,1,-1,-1,1,-1,0,1,-0,-1,-0,-1,0,1,-1,1,1,1,1,-1,-0,-1,1,-0,-1,1,-1,1,0,-1,1,-1,-1,-0,1,1,1,-1,1,1
1,1,1,1,1,1,1,1,1,1,1,1,1,1,1,1,1,1,1,1,1,1,1,1,1,1,1,1,1,1,1,1,1,1,1,1,1,1,1,1,1,1,1,1,1,1,1,1,1,1,1,1,1,1,1,1,1,1,1,1,1,1,1,1,1,1,1,1,1,1,1,1,1,1,1,1,1,1,1,1,1,1,1,1,1,1,1,1,1,1,1,1,1,1,1,1,1,1,1,1,1,1,1,1,1,1,1,1,1,1,1,1,1,1,1,1,1,1,1,1,1,1,1,1,1,1,1,1,1,1,1,1,1,1,1,1,1,1,1,1,1,1,1,1,1,1,1,1,1,1,1,1,1,1,1,1,1,1,1,1,1,1,1,1,1,1,1,1,1,1,1,1,1,1,1,1,1,1,1,1,1,1,1,1,1,1,1,1,1,1,1,1,1,1,1,1,1,1,1,1,0.91148,0.031917,0.16685,0.66346,0.25913,0.55226,0.088412,0.20782,0.093207,0.37974,0.23101,0.32652,0.14232,0.71115,0.35202,0.48911,0.64502,0.95274,0.86239,0.091713,0.25122,0.049878,0.013976,0.57339,0.84599,0.90007,0.60192,0.85974,0.45814,0.95565,0.93723,0.33417,0.19035,0.47992,0.49629,0.63641,0.29692,0.59047,0.58205,0.071861,0.82527,0.42857,0.74797,0.36827,0.10066,0.30327,0.66001,0.14774,0.25135,0.66152,0.073175,0.78937,0.75805,0.13763,0.057125,0.17405,0.82527,0.6436,0.26169,0.59659,0.78952,0.42283,0.97366,0.70128,0.090657,0.053308,0.048735,0.19101,0.28596,0.26559,0.28912,0.21891,0.97511,0.93774,0.89032,0.37872,0.48401,0.92002,0.20964,0.66022,0.64872,0.46059,0.24507,0.92032,0.61643,0.37461,0.92122,0.0052308,0.93361,0.16736,0.78607,0.73079,0.2891,0.93278,0.15464,0.19082,0.21091,0.081078,0.33644,0.50607,0.96931,0.99037,0.20852,0.97597,0.54971,0.7353,0.78322,0.45889,0.43457,0.54123,0.23112,0.60772,0.44615,0.78813,0.93657,0.42557,0.77608,0.16265,0.93518,0.0298,0.16339,0.67754,0.93444,0.14522,0.2016,0.32711,0.46824,0.73157,0.94428,0.87447,0.8979,0.95731,0.70054,0.66644,0.044035,0.31953,0.56021,0.68691,0.9661,0.56411,0.96464,0.29473,0.75872,0.88092,0.30837,0.61383,0.81371,0.12331,0.61238,0.99462,0.83489,0.71858,0.22896,0.1219,0.24451,0.68774,0.12596,0.69744,0.76979,0.42231,0.67982,0.49319,0.11743,0.59937,0.076523,0.35937,0.96308,0.90369,0.31483,0.99692,0.86574,0.51753,0.0086336,0.82517,0.39005,0.96077,0.26188,0.43449,0.41301,0.91221,0.70194,0.75148,0.88492,0.3153,0.56596,0.36796,0.45877,0.022948,0.20618,0.91897,0.967,0.9372,0.46317,0.36027,0.75719,0.39816,0.46171,0.98986,0.13044,0.95451,0,-1,1,0,0,-0,-0,1,1,-1,-0,-1,1,-0,1,-1,-0,1,-1,1,-1,-1,-0,0,1,-1,-0,-0,-1,0,-1,-0,-1,1,1,-1,-0,1,-0,1,-1,0,-0,0,1,0,-1,1,-0,1,1,0,1,1,0,-1,-1,-1,1,-1,0,1,1,0,0,1,1,-0,0,0,1,1,-0,1,1,-0,1,0,1,1,-1,-1,-0,-0,-1,0,-1,1,-1,1,-1,1,1,1,0,1,-1,-1,1,1,1,1,1,1,-1,-0,0,-1,-1,-1,1,1,-1,0,-0,-1,0,-0,-1,-1,0,0,0,1,-1,-1,1,-1,-0,-1,-1,0,0,1,-1,1,1,-0,0,-1,-1,-1,0,-1,1,-0,0,-1,0,-1,-1,-0,-1,-1,0,1,-1,-1,-0,-1,1,1,-1,1,1,-1,-1,1,-1,1,1,-1,1,-1,0,-1,-1,1,-0,1,-0,1,0,0,1,0,-0,1,1,-1,-1,0,1,-1,-1,0,-0,-1,1,-0
1,1,1,1,1,1,1,1,1,1,1,1,1,1,1,1,1,1,1,1,1,1,1,1,1,1,1,1,1,1,1,1,1,1,1,1,1,1,1,1,1,1,1,1,1,1,1,1,1,1,1,1,1,1,1,1,1,1,1,1,1,1,1,1,1,1,1,1,1,1,1,1,1,1,1,1,1,1,1,1,1,1,1,1,1,1,1,1,1,1,1,1,1,1,1,1,1,1,1,1,1,1,1,1,1,1,1,1,1,1,1,1,1,1,1,1,1,1,1,1,1,1,1,1,1,1,1,1,1,1,1,1,1,1,1,1,1,1,1,1,1,1,1,1,1,1,1,1,1,1,1,1,1,1,1,1,1,1,1,1,1,1,1,1,1,1,1,1,1,1,1,1,1,1,1,1,1,1,1,1,1,1,1,1,1,1,1,1,1,1,1,1,1,1,1,1,1,1,1,1,0.64475,0.065953,0.15765,0.81914,0.65203,0.43516,0.62606,0.35044,0.61315,0.63439,0.022885,0.3868,0.24241,0.12225,0.073991,0.90771,0.88103,0.10605,0.098447,0.78105,0.66435,0.069706,0.96345,0.62614,0.27968,0.95895,0.52999,0.059484,0.33885,0.60611,0.87026,0.87196,0.54564,0.13821,0.09971,0.6683,0.74667,0.52944,0.56859,0.72072,0.98315,0.54143,0.59635,0.76914,0.40467,0.10211,0.3839,0.72457,0.6473,0.027262,0.51268,0.15529,0.44683,0.74329,0.47503,0.85028,0.66325,0.50813,0.4479,0.78842,0.33057,0.49449,0.89197,0.29719,0.55511,0.0016366,0.6409,0.80823,0.78337,0.1916,0.66827,0.88715,0.73771,0.44769,0.2571,0.71811,0.11726,0.79252,0.92289,0.53566,0.56515,0.18492,0.090533,0.2411,0.23906,0.85486,0.11498,0.17756,0.29291,0.51309,0.059306,0.54593,0.64332,0.94571,0.0042889,0.82489,0.054548,0.52519,0.84347,0.078468,0.30843,0.70917,0.54507,0.51189,0.51537,0.4257,0.74411,0.13571,0.39925,0.23113,0.67276,0.94651,0.89953,0.46083,0.96259,0.68014,0.38706,0.80805,0.15191,0.016604,0.45901,0.31738,0.59365,0.328,0.21326,0.042982,0.95902,0.50274,0.93319,0.26375,0.10152,0.73882,0.1362,0.6702,0.61201,0.9631,0.29397,0.58432,0.76852,0.79621,0.92543,0.37997,0.60298,0.42075,0.19151,0.20809,0.49458,0.28901,0.48373,0.71544,0.085208,0.0080125,0.85062,0.50057,0.8471,0.95045,0.9765,0.50022,0.70625,0.4665,0.71944,0.16619,0.64332,0.46821,0.25341,0.45368,0.33502,0.74319,0.34087,0.089743,0.89483,0.34558,0.35462,0.61349,0.98545,0.98621,0.93376,0.50176,0.0010254,0.12806,0.35584,0.68585,0.64991,0.32168,0.30269,0.09885,0.047403,0.77032,0.11162,0.13179,0.86094,0.34701,0.61215,0.070273,0.1417,0.43071,0.76936,0.67279,0.22636,0.00059937,-0,1,-0,1,-0,0,1,1,-1,1,-1,-1,1,-1,0,1,1,-1,1,-0,0,-1,1,-1,-1,1,1,1,1,-0,0,-1,-1,-1,-1,-1,1,-1,-0,1,1,-0,1,-1,1,-1,1,1,-1,1,0,-1,1,0,-1,1,0,-1,1,1,1,1,1,1,-1,-1,1,-1,-1,1,0,-0,-1,1,-1,1,-1,-1,-1,-0,0,1,-1,1,-0,1,-1,1,1,-1,-0,1,-0,-0,-0,1,1,-1,1,-0,1,1,0,1,1,1,-1,1,-1,-1,1,-1,-1,1,1,1,1,0,-1,-0,1,-1,-0,1,-1,0,0,1,-1,0,1,0,-1,-1,0,1,1,-0,1,-1,0,-0,1,0,-0,-1,-1,-1,1,1,1,-1,1,1,1,-1,0,1,-1,-1,-1,1,-0,-1,-0,-1,1,-1,-0,-0,-1,1,-1,1,-1,-0,1,-0,0,-1,1,1,-1,-1,1,1,-1,1,1,1,-0,0,0,-1,-1,1,1,1,0,0
1,1,1,1,1,1,1,1,1,1,1,1,1,1,1,1,1,1,1,1,1,1,1,1,1,1,1,1,1,1,1,1,1,1,1,1,1,1,1,1,1,1,1,1,1,1,1,1,1,1,1,1,1,1,1,1,1,1,1,1,1,1,1,1,1,1,1,1,1,1,1,1,1,1,1,1,1,1,1,1,1,1,1,1,1,1,1,1,1,1,1,1,1,1,1,1,1,1,1,1,1,1,1,1,1,1,1,1,1,1,1,1,1,1,1,1,1,1,1,1,1,1,1,1,1,1,1,1,1,1,1,1,1,1,1,1,1,1,1,1,1,1,1,1,1,1,1,1,1,1,1,1,1,1,1,1,1,1,1,1,1,1,1,1,1,1,1,1,1,1,1,1,1,1,1,1,1,1,1,1,1,1,1,1,1,1,1,1,1,1,1,1,1,1,1,1,1,1,1,1,0.38262,0.61953,0.72596,0.23119,0.14236,0.70493,0.21116,0.35164,0.58268,0.2828,0.024898,0.92238,0.13917,0.22129,0.5184,0.029873,0.24932,0.72106,0.89117,0.3733,0.88868,0.37181,0.92685,0.2333,0.72428,0.94829,0.87641,0.13987,0.0961,0.54689,0.21839,0.69585,0.46373,0.40082,0.82409,0.20006,0.23218,0.70582,0.78597,0.3175,0.6005,0.9459,0.59164,0.88314,0.43991,0.8438,0.95589,0.037587,0.084723,0.49811,0.15879,0.66413,0.47046,0.25433,0.6424,0.10131,0.33945,0.3643,0.31657,0.74979,0.43502,0.38763,0.24505,0.0090163,0.98766,0.92642,0.99399,0.27295,0.75593,0.71035,0.79711,0.15562,0.57023,0.86272,0.020175,0.84881,0.75954,0.52758,0.47041,0.46299,0.78067,0.48533,0.24394,0.42119,0.65748,0.70567,0.23539,0.36724,0.12724,0.042872,0.57887,0.65474,0.84147,0.80586,0.98964,0.021207,0.10144,0.62242,0.13784,0.39943,0.058182,0.5285,0.75604,0.10171,0.68953,0.69947,0.13797,0.26193,0.50427,0.69558,0.47536,0.1224,0.62502,0.88394,0.16407,0.021058,0.14316,0.53552,0.80504,0.14505,0.86913,0.17821,0.31572,0.093066,0.62723,0.83744,0.83266,0.48086,0.19817,0.81931,0.62078,0.063973,0.59426,0.91489,0.094102,0.43136,0.094363,0.19912,0.61819,0.65703,0.93766,0.33432,0.27749,0.7283,0.093752,0.49684,0.84387,0.54956,0.48859,0.90827,0.11974,0.99694,0.20658,0.62743,0.048567,0.63364,0.72281,0.6244,0.38953,0.37202,0.35019,0.95404,0.80094,0.4956,0.60379,0.63412,0.95857,0.30513,0.53766,0.75602,0.842,0.7495,0.518,0.41547,0.54299,0.26918,0.14294,0.07855,0.90615,0.91738,0.53385,0.80832,0.7868,0.76327,0.16607,0.117,0.5763,0.47359,0.32591,0.53942,0.68863,0.40932,0.6421,0.61733,0.97682,0.93805,0.36598,0.835,0.48801,0.91197,0,-1,-0,-1,1,-1,-1,-1,1,-1,-0,-1,0,1,-0,1,-1,-0,-1,0,-1,-1,1,-1,0,-1,-1,1,-1,-1,1,0,1,-0,-0,1,1,1,0,-1,-1,1,-1,1,0,1,1,1,0,1,-1,1,1,1,-0,-1,1,-1,-0,-1,-0,-0,-1,1,-1,1,1,-1,1,-0,1,-1,-0,-1,1,-1,1,1,0,1,1,-1,0,1,0,-0,-0,1,1,-1,-0,0,-0,1,-1,0,1,-1,0,0,0,0,1,-1,1,-1,1,1,-1,1,-0,1,1,1,1,0,-1,1,-1,1,1,-1,1,1,1,-1,1,0,-1,1,-1,0,1,0,-1,1,1,-1,1,1,-1,-0,-0,-1,0,-1,-0,-1,-1,-1,0,-1,-0,-0,1,-1,1,1,1,1,0,0,-1,0,1,-1,0,-0,-1,-0,1,0,-1,-1,0,-1,0,0,-1,1,0,-1,-0,-1,-0,-1,-1,1,-1,0,-1,-1,-0,-1,-1,1,-1,1,-1,-0
1,1,1,1,1,1,1,1,1,1,1,1,1,1,1,1,1,1,1,1,1,1,1,1,1,1,1,1,1,1,1,1,1,1,1,1,1,1,1,1,1,1,1,1,1,1,1,1,1,1,1,1,1,1,1,1,1,1,1,1,1,1,1,1,1,1,1,1,1,1,1,1,1,1,1,1,1,1,1,1,1,1,1,1,1,1,1,1,1,1,1,1,1,1,1,1,1,1,1,1,1,1,1,1,1,1,1,1,1,1,1,1,1,1,1,1,1,1,1,1,1,1,1,1,1,1,1,1,1,1,1,1,1,1,1,1,1,1,1,1,1,1,1,1,1,1,1,1,1,1,1,1,1,1,1,1,1,1,1,1,1,1,1,1,1,1,1,1,1,1,1,1,1,1,1,1,1,1,1,1,1,1,1,1,1,1,1,1,1,1,1,1,1,1,1,1,1,1,1,1,0.12283,0.609,0.21439,0.44308,0.44889,0.40924,0.53071,0.29117,0.5589,0.29535,0.60482,0.47152,0.14668,0.87713,0.89163,0.4685,0.17212,0.88427,0.73067,0.12861,0.19411,0.5489,0.81453,0.53071,0.84449,0.092036,0.57128,0.73637,0.20145,0.11547,0.84919,0.10139,0.23149,0.82346,0.52603,0.45498,0.064796,0.13012,0.43442,0.69795,0.21093,0.89148,0.2039,0.43048,0.03945,0.41017,0.89199,0.85141,0.87498,0.78569,0.31264,0.79606,0.56232,0.52594,0.62916,0.4773,0.39441,0.54706,0.98972,0.6649,0.64687,0.027001,0.18253,0.57819,0.92301,0.18863,0.38727,0.02349,0.48231,0.011248,0.8178,0.23593,0.15992,0.86771,0.47417,0.36929,0.035621,0.13813,0.11328,0.47265,0.060228,0.10345,0.44928,0.35757,0.94371,0.75545,0.49012,0.89716,0.014093,0.23907,0.39569,0.59603,0.858,0.068915,0.098361,0.89669,0.20451,0.94744,0.37081,0.0061293,0.83651,0.58389,0.49219,0.70666,0.18588,0.18606,0.86555,0.97258,0.0085984,0.48754,0.77998,0.79059,0.70788,0.019445,0.40809,0.82973,0.4075,0.10436,0.77177,0.095358,0.38813,0.17275,0.81621,0.81387,0.81464,0.54262,0.77857,0.075211,0.83436,0.53078,0.99387,0.52315,0.80155,0.65514,0.63126,0.4586,0.048838,0.019912,0.88969,0.019168,0.54861,0.25206,0.21759,0.70921,0.92926,0.12526,0.23232,0.99556,0.013582,0.1709,0.62825,0.64922,0.57766,0.72874,0.6069,0.33105,0.055019,0.16318,0.032592,0.39176,0.49301,0.97972,0.63381,0.013344,0.20202,0.068471,0.59271,0.44415,0.43065,0.48037,0.47188,0.28537,0.76391,0.29528,0.25404,0.53014,0.47753,0.2701,0.026918,0.96776,0.2234,0.83074,0.80303,0.07827,0.94868,0.56425,0.59032,0.48994,0.73639,0.51388,0.75272,0.79306,0.46697,0.17931,0.76759,0.87292,0.26286,0.85561,0.69392,0.28348,-1,1,1,1,-0,1,1,0,1,1,1,1,-1,1,1,-1,1,-1,-1,0,1,0,-1,-0,-1,-0,-1,0,-0,1,1,1,-1,-0,-1,-1,-1,-1,0,0,-0,1,-1,-1,-1,1,-0,-1,-1,1,0,-1,-1,1,-0,-0,1,1,0,-0,-0,-0,-1,-0,1,1,1,1,1,-0,1,-1,1,-1,1,0,1,-0,-1,1,0,-1,1,0,1,-1,-0,1,1,-1,1,1,-1,-0,1,1,1,-0,1,-1,-0,-0,1,0,0,1,1,-1,-1,1,1,-1,1,-1,0,1,1,1,1,0,-0,-1,-0,-1,1,-0,1,1,-1,1,-1,0,1,1,-1,1,-1,-0,0,-1,1,-0,-1,1,1,-1,-0,1,-1,-1,0,-1,-0,-0,-1,1,1,1,1,0,-0,1,-0,1,0,-1,0,-1,-1,-1,-1,-0,1,1,-1,1,1,-1,1,0,-0,1,-1,-1,-0,1,-1,-1,0,-1,-1,-0,-1,-0,-1,1,-0,-1,-1,-1
1,1,1,1,1,1,1,1,1,1,1,1,1,1,1,1,1,1,1,1,1,1,1,1,1,1,1,1,1,1,1,1,1,1,1,1,1,1,1,1,1,1,1,1,1,1,1,1,1,1,1,1,1,1,1,1,1,1,1,1,1,1,1,1,1,1,1,1,1,1,1,1,1,1,1,1,1,1,1,1,1,1,1,1,1,1,1,1,1,1,1,1,1,1,1,1,1,1,1,1,1,1,1,1,1,1,1,1,1,1,1,1,1,1,1,1,1,1,1,1,1,1,1,1,1,1,1,1,1,1,1,1,1,1,1,1,1,1,1,1,1,1,1,1,1,1,1,1,1,1,1,1,1,1,1,1,1,1,1,1,1,1,1,1,1,1,1,1,1,1,1,1,1,1,1,1,1,1,1,1,1,1,1,1,1,1,1,1,1,1,1,1,1,1,1,1,1,1,1,1,0.72306,0.70503,0.95337,0.26737,0.20785,0.93472,0.93097,0.80621,0.070858,0.46127,0.23279,0.10623,0.54618,0.13729,0.99019,0.52632,0.95865,0.40369,0.26547,0.82393,0.27443,0.27032,0.59255,0.052449,0.81265,0.70056,0.58544,0.60556,0.46181,0.047934,0.21262,0.25554,0.62709,0.23918,0.16321,0.12963,0.77243,0.86017,0.79093,0.66974,0.087929,0.045662,0.5654,0.76316,0.50351,0.40811,0.79991,0.55094,0.011706,0.15802,0.82283,0.98437,0.70979,0.51026,0.35853,0.25906,0.57322,0.37977,0.57354,0.52237,0.35039,0.52185,0.6336,0.15229,0.16391,0.93238,0.16538,0.14197,0.51156,0.40059,0.40398,0.60332,0.74778,0.86265,0.73116,0.17677,0.5185,0.69027,0.27523,0.4656,0.52164,0.96905,0.34839,0.7698,0.95612,0.53694,0.040929,0.015246,0.58408,0.43923,0.31871,0.53135,0.39425,0.405,0.64446,0.45575,0.48851,0.94534,0.067659,0.72927,0.70145,0.54883,0.17904,0.20748,0.9464,0.019449,0.71345,0.72544,0.9373,0.91545,0.66654,0.53214,0.5733,0.10468,0.44684,0.61493,0.70984,0.25191,0.22578,0.020895,0.10004,0.48814,0.86638,0.51905,0.17847,0.49183,0.31262,0.71865,0.71422,0.60878,0.97109,0.38077,0.030417,0.99489,0.22091,0.15307,0.2949,0.18132,0.2685,0.043085,0.74473,0.97493,0.20948,0.78717,0.7889,0.26064,0.50151,0.53826,0.050519,0.32447,0.74609,0.28297,0.046107,0.69193,0.12707,0.99629,0.47243,0.44648,0.28658,0.15564,0.78396,0.0064085,0.38248,0.75507,0.52541,0.79924,0.20435,0.068011,0.12175,0.011772,0.099201,0.30246,0.47308,0.48286,0.50024,0.25876,0.26743,0.61952,0.53788,0.5226,0.11058,0.42438,0.74887,0.84676,0.88505,0.88713,0.21909,0.38397,0.85479,0.28377,0.99632,0.44528,0.46281,0.10307,0.49539,0.16239,0.7443,0.33877,0.72438,0.72982,-0,1,1,1,-1,-0,-1,-1,-0,0,-1,1,-1,-1,1,1,-1,0,1,-1,1,-0,-0,1,-1,-1,-1,-1,0,0,-0,-1,-1,-0,-1,-0,1,1,1,-1,0,1,-1,-1,-0,0,-0,1,1,0,0,0,0,-1,-1,1,1,1,-1,-1,-1,-0,1,1,1,1,0,1,-0,0,1,1,-0,-1,0,0,0,1,-1,-0,-1,1,1,-1,0,-0,-0,1,1,0,1,-1,-0,-0,-0,-1,0,-0,1,0,1,1,1,1,0,-1,1,-1,1,-1,-1,-1,1,1,-0,-1,1,1,-1,1,0,1,-0,1,1,-1,-1,1,-0,-1,1,1,1,-0,-1,1,1,0,-0,1,-1,0,-0,1,-0,1,-1,-1,-1,1,1,1,-1,-0,1,-1,-0,-1,1,1,-1,-1,-0,-1,0,0,1,1,-0,1,-1,-1,1,-0,1,1,1,1,0,-1,1,1,-1,-0,-0,1,-0,0,1,-0,0,-1,-1,1,-0,-0,0,-1,0,1
1,1,1,1,1,1,1,1,1,1,1,1,1,1,1,1,1,1,1,1,1,1,1,1,1,1,1,1,1,1,1,1,1,1,1,1,1,1,1,1,1,1,1,1,1,1,1,1,1,1,1,1,1,1,1,1,1,1,1,1,1,1,1,1,1,1,1,1,1,1,1,1,1,1,1,1,1,1,1,1,1,1,1,1,1,1,1,1,1,1,1,1,1,1,1,1,1,1,1,1,1,1,1,1,1,1,1,1,1,1,1,1,1,1,1,1,1,1,1,1,1,1,1,1,1,1,1,1,1,1,1,1,1,1,1,1,1,1,1,1,1,1,1,1,1,1,1,1,1,1,1,1,1,1,1,1,1,1,1,1,1,1,1,1,1,1,1,1,1,1,1,1,1,1,1,1,1,1,1,1,1,1,1,1,1,1,1,1,1,1,1,1,1,1,1,1,1,1,1,1,0.44748,0.66601,0.3208,0.17305,0.2659,0.21194,0.11276,0.83887,0.69876,0.71053,0.056074,0.42436,0.13048,0.81902,0.56168,0.22502,0.87367,0.11859,0.449,0.70695,0.028291,0.045399,0.57481,0.284,0.86618,0.38181,0.57946,0.1751,0.029918,0.55158,0.98066,0.018674,0.10537,0.6729,0.28746,0.86266,0.10979,0.024742,0.62425,0.30467,0.22069,0.9071,0.11018,0.49918,0.60293,0.13132,0.016191,0.57596,0.72086,0.036245,0.32157,0.86486,0.47172,0.60421,0.29658,0.49241,0.0085908,0.91148,0.96191,0.3569,0.61816,0.93495,0.042792,0.52976,0.11898,0.61912,0.052486,0.87552,0.28969,0.77637,0.058404,0.17031,0.37682,0.12958,0.71541,0.6747,0.61477,0.68223,0.038644,0.4951,0.97383,0.20194,0.70122,0.19252,0.73083,0.56408,0.14644,0.68289,0.36103,0.41659,0.030529,0.85281,0.82875,0.95359,0.96247,0.9544,0.57231,0.57823,0.20978,0.52997,0.30986,0.16638,0.93033,0.61253,0.361,0.30466,0.98526,0.26027,0.95216,0.45997,0.8418,0.80792,0.81018,0.95214,0.61876,0.21345,0.60215,0.6418,0.35407,0.78947,0.18543,0.31296,0.37176,0.25345,0.017576,0.44939,0.75052,0.5336,0.29564,0.50173,0.12547,0.69819,0.58156,0.39561,0.91641,0.31927,0.1456,0.45988,0.69801,0.085781,0.37807,0.5028,0.077875,0.57412,0.79474,0.62408,0.52276,0.8993,0.56424,0.0088049,0.81491,0.16633,0.53664,0.76838,0.892,0.34909,0.52437,0.32587,0.86764,0.69115,0.87231,0.80482,0.72488,0.5454,0.56844,0.81621,0.22461,0.60309,0.43262,0.40846,0.84435,0.24141,0.63117,0.86455,0.50215,0.044196,0.53779,0.46066,0.65581,0.52338,0.06127,0.82408,0.25582,0.99448,0.70915,0.15392,0.31224,0.5131,0.36229,0.10383,0.42365,0.79445,0.97552,0.1285,0.044479,0.040057,0.50523,0.57548,0.78597,0.061282,-0,1,1,1,-1,-0,-1,-1,-0,0,-1,1,-1,-1,1,1,-1,0,1,-1,1,-0,-0,1,-1,-1,-1,-1,0,0,-0,-1,-1,-0,-1,-0,1,1,1,-1,0,1,-1,-1,-0,0,-0,1,1,0,0,0,0,-1,-1,1,1,1,-1,-1,-1,-0,1,1,1,1,0,1,-0,0,1,1,-0,-1,0,0,0,1,-1,-0,-1,1,1,-1,0,-0,-0,1,1,0,1,-1,-0,-0,-0,-1,0,-0,1,0,1,1,1,1,0,-1,1,-1,1,-1,-1,-1,1,1,-0,-1,1,1,-1,1,0,1,-0,1,1,-1,-1,1,-0,-1,1,1,1,-0,-1,1,1,0,-0,1,-1,0,-0,1,-0,1,-1,-1,-1,1,1,1,-1,-0,1,-1,-0,-1,1,1,-1,-1,-0,-1,0,0,1,1,-0,1,-1,-1,1,-0,1,1,1,1,0,-1,1,1,-1,-0,-0,1,-0,0,1,-0,0,-1,-1,1,-0,-0,0,-1,0,1
1,1,1,1,1,1,1,1,1,1,1,1,1,1,1,1,1,1,1,1,1,1,1,1,1,1,1,1,1,1,1,1,1,1,1,1,1,1,1,1,1,1,1,1,1,1,1,1,1,1,1,1,1,1,1,1,1,1,1,1,1,1,1,1,1,1,1,1,1,1,1,1,1,1,1,1,1,1,1,1,1,1,1,1,1,1,1,1,1,1,1,1,1,1,1,1,1,1,1,1,1,1,1,1,1,1,1,1,1,1,1,1,1,1,1,1,1,1,1,1,1,1,1,1,1,1,1,1,1,1,1,1,1,1,1,1,1,1,1,1,1,1,1,1,1,1,1,1,1,1,1,1,1,1,1,1,1,1,1,1,1,1,1,1,1,1,1,1,1,1,1,1,1,1,1,1,1,1,1,1,1,1,1,1,1,1,1,1,1,1,1,1,1,1,1,1,1,1,1,1,0.4536,0.94186,0.17028,0.28197,0.66939,0.93465,0.55802,0.85718,0.72929,0.91561,0.39705,0.57521,0.40494,0.47289,0.8841,0.59056,0.63455,0.67691,0.75764,0.78753,0.64856,0.45167,0.016942,0.56942,0.46913,0.52273,0.56943,0.67777,0.27114,0.75579,0.72094,0.45747,0.39685,0.37069,0.22899,0.81835,0.59789,0.38588,0.835,0.95009,0.66734,0.73221,0.67191,0.7859,0.27633,0.64039,0.97126,0.87766,0.31111,0.8116,0.87662,0.51274,0.68445,0.48023,0.4342,0.44816,0.8338,0.1422,0.21251,0.093601,0.15002,0.066007,0.80518,0.97702,0.67634,0.87059,0.49884,0.72616,0.12589,0.92647,0.31889,0.87382,0.64871,0.96466,0.97545,0.28153,0.39913,0.38947,0.81707,0.81168,0.10875,0.26366,0.48894,0.49281,0.3367,0.88302,0.10981,0.3733,0.56285,0.82832,0.56613,0.64213,0.72056,0.012564,0.64482,0.58714,0.59992,0.29998,0.95449,0.5711,0.078306,0.8595,0.62378,0.16544,0.22369,0.99924,0.67056,0.34024,0.34408,0.84539,0.86224,0.92092,0.81448,0.1421,0.41207,0.8039,0.29799,0.29637,0.45399,0.75163,0.74892,0.74175,0.5224,0.97701,0.37907,0.38337,0.97613,0.81093,0.41719,0.36823,0.36212,0.45289,0.51488,0.47139,0.29019,0.88716,0.23895,0.2095,0.9527,0.14018,0.21441,0.76654,0.15677,0.40573,0.1244,0.96902,0.38042,0.46329,0.84728,0.76589,0.29334,0.333,0.98576,0.62846,0.99656,0.89366,0.42485,0.43972,0.65624,0.28152,0.58974,0.13032,0.63621,0.31032,0.068289,0.41908,0.59812,0.13309,0.46836,0.82334,0.85694,0.76772,0.36935,0.47973,0.46091,0.38321,0.10922,0.8819,0.19877,0.35173,0.85757,0.27963,0.87126,0.38491,0.31658,0.14106,0.015245,0.34233,0.17055,0.53151,0.29875,0.78518,0.29851,0.098473,0.036404,0.25575,0.23171,0.079229,0.64505,0.79976,-1,-1,-1,1,1,0,0,1,-1,1,1,-1,0,1,-0,-0,-1,0,0,1,-1,1,-0,1,0,-1,1,1,0,0,-1,1,1,1,1,-1,1,0,-1,0,1,-1,1,1,1,-0,-1,-1,0,-1,1,1,0,-1,1,-1,1,-1,-1,0,-1,0,0,1,1,0,-1,1,1,-1,1,-1,0,-1,1,0,1,0,-1,1,1,-0,1,-1,1,-1,1,0,-1,1,1,-0,-0,-1,-1,1,-1,0,0,-1,1,-1,1,-1,0,-1,-1,1,-1,-1,-1,1,-1,1,1,1,1,-1,-0,1,-1,1,1,0,-1,-1,-1,-1,0,1,0,-1,1,-1,1,-1,1,1,1,0,1,0,0,-1,1,0,0,-1,-1,-1,-0,1,1,1,-1,-0,1,0,1,-1,-0,-0,1,-1,-1,1,-0,-1,0,-0,-1,-0,-1,1,1,-1,-1,0,0,-1,0,-1,1,-1,1,-1,0,1,1,1,1,1,-1,0,1,1,-0,-0,1,1
1,1,1,1,1,1,1,1,1,1,1,1,1,1,1,1,1,1,1,1,1,1,1,1,1,1,1,1,1,1,1,1,1,1,1,1,1,1,1,1,1,1,1,1,1,1,1,1,1,1,1,1,1,1,1,1,1,1,1,1,1,1,1,1,1,1,1,1,1,1,1,1,1,1,1,1,1,1,1,1,1,1,1,1,1,1,1,1,1,1,1,1,1,1,1,1,1,1,1,1,1,1,1,1,1,1,1,1,1,1,1,1,1,1,1,1,1,1,1,1,1,1,1,1,1,1,1,1,1,1,1,1,1,1,1,1,1,1,1,1,1,1,1,1,1,1,1,1,1,1,1,1,1,1,1,1,1,1,1,1,1,1,1,1,1,1,1,1,1,1,1,1,1,1,1,1,1,1,1,1,1,1,1,1,1,1,1,1,1,1,1,1,1,1,1,1,1,1,1,1,0.30618,0.36619,0.66302,0.80184,0.13326,0.1691,0.63021,0.28423,0.98459,0.22009,0.21336,0.75675,0.43849,0.68421,0.8126,0.27361,0.35254,0.15303,0.9473,0.44188,0.95499,0.12259,0.80671,0.46491,0.058134,0.37194,0.041448,0.34462,0.37529,0.835,0.65372,0.42341,0.23397,0.46463,0.8177,0.75513,0.19658,0.41743,0.30138,0.44988,0.21539,0.30939,0.93565,0.013712,0.46974,0.077436,0.85045,0.55434,0.56316,0.9688,0.97855,0.99084,0.91375,0.23141,0.65156,0.99719,0.10494,0.63128,0.12,0.94113,0.47056,0.49855,0.71709,0.41403,0.19503,0.98962,0.12653,0.83663,0.85419,0.22425,0.18359,0.57801,0.46584,0.9075,0.84884,0.060429,0.32608,0.63224,0.99409,0.33555,0.30425,0.61412,0.27565,0.27397,0.81685,0.46501,0.21356,0.9193,0.32531,0.50138,0.30049,0.70089,0.18869,0.50024,0.51001,0.15701,0.63719,0.60085,0.83353,0.24952,0.60165,0.894,0.77515,0.959,0.90504,0.49046,0.76319,0.80345,0.077097,0.14021,0.005039,0.19489,0.21172,0.57694,0.47489,0.8309,0.082965,0.29256,0.46175,0.89156,0.70664,0.63744,0.43636,0.56359,0.078347,0.28509,0.18002,0.11144,0.73295,0.98084,0.4452,0.42038,0.97219,0.46104,0.83402,0.092487,0.27441,0.58891,0.97613,0.47416,0.47918,0.34724,0.060381,0.75188,0.74644,0.74096,0.90748,0.5274,0.091187,0.96983,0.21074,0.82288,0.59652,0.32607,0.93286,0.94769,0.83362,0.50513,0.084918,0.95663,0.0075467,0.10904,0.31604,0.17733,0.19647,0.7957,0.51013,0.24965,0.01114,0.31061,0.34342,0.15835,0.6712,0.85204,0.81037,0.3733,0.3804,0.12702,0.55771,0.51216,0.11295,0.52605,0.93105,0.083054,0.23418,0.55691,0.56577,0.19066,0.38957,0.57263,0.45008,0.039203,0.85379,0.78677,0.1181,0.34749,0.99164,0.094148,0.15333,0.6499,-1,0,1,-0,1,-1,1,1,-0,-1,-1,-1,-1,-1,1,1,0,0,1,1,-1,0,-0,1,1,-1,-0,-0,-1,0,-0,0,1,-1,1,1,1,-1,-1,-1,1,0,0,-1,-1,-0,1,0,-1,-1,-1,1,-1,-1,-0,1,1,-1,-1,-1,0,-1,-1,0,-1,-1,-1,-1,0,-1,-1,0,0,1,1,-1,0,1,-1,1,-1,-0,-1,1,-1,-1,1,-0,-1,-1,-1,1,-1,1,1,-0,1,-1,-1,-1,-0,1,1,1,-1,-1,1,-1,1,0,0,1,-1,0,-1,-0,0,1,1,1,-1,1,-0,0,1,-1,1,-1,-1,-1,1,0,1,1,-1,1,1,1,1,-1,0,-1,1,1,0,-1,-0,1,-0,-1,-0,1,-1,-1,-0,0,-1,1,1,-0,0,-1,-1,1,-0,-1,-0,-1,-0,1,1,1,-1,-0,1,-1,1,1,1,1,-0,1,0,1,-0,-1,-1,1,1,-1,1,1,-1,1,-1,0,1,-1,-1,0
1,1,1,1,1,1,1,1,1,1,1,1,1,1,1,1,1,1,1,1,1,1,1,1,1,1,1,1,1,1,1,1,1,1,1,1,1,1,1,1,1,1,1,1,1,1,1,1,1,1,1,1,1,1,1,1,1,1,1,1,1,1,1,1,1,1,1,1,1,1,1,1,1,1,1,1,1,1,1,1,1,1,1,1,1,1,1,1,1,1,1,1,1,1,1,1,1,1,1,1,1,1,1,1,1,1,1,1,1,1,1,1,1,1,1,1,1,1,1,1,1,1,1,1,1,1,1,1,1,1,1,1,1,1,1,1,1,1,1,1,1,1,1,1,1,1,1,1,1,1,1,1,1,1,1,1,1,1,1,1,1,1,1,1,1,1,1,1,1,1,1,1,1,1,1,1,1,1,1,1,1,1,1,1,1,1,1,1,1,1,1,1,1,1,1,1,1,1,1,1,0.5728,0.11856,0.80726,0.11394,0.54177,0.093481,0.83092,0.53125,0.47066,0.87904,0.21153,0.17111,0.59353,0.52782,0.5983,0.091481,0.7018,0.026313,0.61206,0.51423,0.50123,0.18504,0.31275,0.083891,0.2248,0.4202,0.80344,0.97856,0.27903,0.099996,0.59681,0.40118,0.77478,0.55513,0.2298,0.04961,0.61449,0.092071,0.91765,0.25356,0.95479,0.63262,0.34339,0.18443,0.64058,0.48285,0.22915,0.061728,0.34415,0.53491,0.59333,0.23337,0.11996,0.10684,0.58521,0.68296,0.018882,0.18497,0.74024,0.31739,0.82115,0.8341,0.020477,0.32831,0.97813,0.18253,0.78337,0.081767,0.91946,0.67202,0.68418,0.32126,0.64636,0.56672,0.34138,0.14595,0.47833,0.35088,0.019102,0.79626,0.65681,0.68544,0.82998,0.56542,0.98717,0.39577,0.1508,0.97814,0.20808,0.83181,0.67768,0.93183,0.052505,0.098429,0.81458,0.030676,0.72817,0.61468,0.29131,0.037401,0.42217,0.80814,0.12796,0.17195,0.64134,0.19629,0.7178,0.71501,0.40115,0.39099,0.64018,0.78077,0.71508,0.27065,0.65505,0.99421,0.44955,0.63434,0.45644,0.11945,0.42026,0.31608,0.43081,0.5252,0.49096,0.84004,0.45421,0.16052,0.83156,0.019988,0.4874,0.76812,0.014,0.40963,0.26125,0.68197,0.32723,0.94367,0.095206,0.84549,0.20165,0.97628,0.062288,0.21388,0.7486,0.81737,0.42292,0.080416,0.092136,0.083245,0.2982,0.025324,0.35612,0.91253,0.43439,0.12636,0.1914,0.93446,0.3333,0.47718,0.36183,0.84446,0.25296,0.29802,0.44975,0.17941,0.9507,0.57402,0.0069582,0.47889,0.21645,0.58019,0.6521,0.71591,0.22437,0.48548,0.92444,0.86165,0.26091,0.78258,0.41823,0.55503,0.86514,0.89049,0.059263,0.13586,0.99311,0.69201,0.24878,0.6326,0.58307,0.8596,0.72564,0.59735,0.45225,0.63006,0.87777,0.43327,0.65599,0.44045,-1,-1,-1,-1,-1,-1,0,0,-1,-1,0,0,1,0,-0,0,1,-0,-1,1,0,1,-1,1,1,-0,1,1,-1,1,-1,-0,-1,1,0,1,1,1,1,0,1,-0,-0,1,1,0,-1,1,-0,0,1,0,1,-1,-1,0,1,-1,0,0,-1,-0,1,1,1,-0,1,-1,1,-0,0,1,-0,-1,1,-0,1,-1,-0,-1,-1,1,0,0,1,0,-0,1,-1,-0,1,-0,0,0,-1,-1,1,-1,0,-1,-1,-0,-1,1,1,1,-1,-1,0,0,-0,1,-0,-1,-0,1,-1,1,-1,1,1,-0,-1,1,1,0,-1,0,0,-0,1,0,1,0,-1,0,-0,-0,-0,-1,-1,1,-1,0,1,-1,1,-0,-1,1,-1,-0,-1,-1,1,-1,-1,-0,-1,0,1,-1,-1,-1,1,1,1,-1,-1,1,1,1,0,-1,1,1,-0,-1,1,-1,1,1,-0,1,1,1,0,-1,1,-0,-1,-1,1,1,-1,0,1,1,1,1
1,1,1,1,1,1,1,1,1,1,1,1,1,1,1,1,1,1,1,1,1,1,1,1,1,1,1,1,1,1,1,1,1,1,1,1,1,1,1,1,1,1,1,1,1,1,1,1,1,1,1,1,1,1,1,1,1,1,1,1,1,1,1,1,1,1,1,1,1,1,1,1,1,1,1,1,1,1,1,1,1,1,1,1,1,1,1,1,1,1,1,1,1,1,1,1,1,1,1,1,1,1,1,1,1,1,1,1,1,1,1,1,1,1,1,1,1,1,1,1,1,1,1,1,1,1,1,1,1,1,1,1,1,1,1,1,1,1,1,1,1,1,1,1,1,1,1,1,1,1,1,1,1,1,1,1,1,1,1,1,1,1,1,1,1,1,1,1,1,1,1,1,1,1,1,1,1,1,1,1,1,1,1,1,1,1,1,1,1,1,1,1,1,1,1,1,1,1,1,1,0.090874,0.96464,0.88062,0.40229,0.085898,0.66678,0.18233,0.031229,0.94339,0.8641,0.89229,0.99507,0.79965,0.98333,0.89312,0.46859,0.30315,0.11621,0.33182,0.41722,0.29832,0.94576,0.52926,0.91181,0.65933,0.27262,0.7987,0.064393,0.086325,0.27446,0.26919,0.9498,0.82154,0.79053,0.25397,0.071488,0.75826,0.32545,0.14243,0.031331,0.56878,0.081416,0.22939,0.92649,0.26308,0.36418,0.75584,0.9111,0.34549,0.27951,0.5183,0.053032,0.16394,0.94694,0.38521,0.66909,0.64555,0.47695,0.71282,0.91126,0.26481,0.67274,0.074757,0.36323,0.9399,0.86643,0.50393,0.0068237,0.79749,0.083528,0.54443,0.14041,0.89887,0.88088,0.45451,0.13592,0.63163,0.028261,0.19488,0.033723,0.6189,0.046087,0.4968,0.93212,0.52624,0.10153,0.14499,0.58174,0.029811,0.61808,0.040131,0.83346,0.303,0.55606,0.70838,0.19858,0.2716,0.52632,0.64976,0.68332,0.69721,0.69198,0.46633,0.40372,0.23596,0.16182,0.51701,0.17275,0.74395,0.27743,0.37915,0.52025,0.56395,0.49895,0.72018,0.90655,0.83293,0.47519,0.99875,0.53035,0.81462,0.50783,0.62901,0.94497,0.20419,0.90392,0.65781,0.17945,0.27872,0.58637,0.41202,0.76399,0.95784,0.37982,0.13345,0.11487,0.90675,0.62402,0.84576,0.72085,0.53747,0.65045,0.28594,0.0072293,0.44869,0.013294,0.52028,0.36262,0.17141,0.6551,0.54846,0.8912,0.45948,0.39149,0.8994,0.83835,0.39898,0.12257,0.90169,0.16341,0.053661,0.8043,0.8748,0.055592,0.46823,0.1875,0.45516,0.4579,0.4494,0.041549,0.1764,0.454,0.95953,0.089613,0.30228,0.21146,0.91466,0.24924,0.23629,0.435,0.75012,0.1881,0.64659,0.44076,0.42813,0.16649,0.49485,0.96783,0.55244,0.8902,0.54821,0.0022977,0.049297,0.86483,0.30252,0.013547,0.13387,0.36585,0.77425,0.07591,0,-1,1,0,0,-1,-0,-1,-1,-1,1,-1,1,-1,1,-1,0,-1,-1,-0,0,-1,-1,-1,-1,-1,-0,1,1,-0,-0,-1,1,1,1,-1,-1,-0,1,1,-0,-1,-0,1,0,1,1,0,-1,1,1,1,1,-1,0,-1,-1,1,-1,-1,1,-1,1,-1,-0,-0,-1,-1,-0,-1,1,1,1,1,-0,-1,1,-0,-0,0,1,1,-1,1,-1,-1,-1,-1,-1,-0,-1,-1,-0,1,0,-1,0,0,-0,-1,-1,0,-0,-0,-0,-1,1,0,1,1,-0,1,-1,-1,1,-1,1,1,-0,1,0,1,-0,-1,-1,0,-1,-1,-1,-1,-1,-1,1,1,-1,1,1,1,-1,1,-0,1,-1,1,-0,0,1,0,1,1,1,-0,1,1,-0,-1,-1,-0,-0,0,-1,1,1,-1,-1,1,1,-1,0,-0,-0,-0,-1,-1,1,-1,1,1,0,1,0,-0,1,-0,-0,-1,-1,-1,1,-1,-0,1,-1,1,0,1,1,1,0,1
1,1,1,1,1,1,1,1,1,1,1,1,1,1,1,1,1,1,1,1,1,1,1,1,1,1,1,1,1,1,1,1,1,1,1,1,1,1,1,1,1,1,1,1,1,1,1,1,1,1,1,1,1,1,1,1,1,1,1,1,1,1,1,1,1,1,1,1,1,1,1,1,1,1,1,1,1,1,1,1,1,1,1,1,1,1,1,1,1,1,1,1,1,1,1,1,1,1,1,1,1,1,1,1,1,1,1,1,1,1,1,1,1,1,1,1,1,1,1,1,1,1,1,1,1,1,1,1,1,1,1,1,1,1,1,1,1,1,1,1,1,1,1,1,1,1,1,1,1,1,1,1,1,1,1,1,1,1,1,1,1,1,1,1,1,1,1,1,1,1,1,1,1,1,1,1,1,1,1,1,1,1,1,1,1,1,1,1,1,1,1,1,1,1,1,1,1,1,1,1,0.61907,0.43844,0.56284,0.65231,0.63474,0.45942,0.54249,0.89024,0.20368,0.11007,0.42664,0.58998,0.4564,0.59593,0.44226,0.72408,0.63099,0.68419,0.22083,0.5118,0.30426,0.18542,0.49155,0.49271,0.36642,0.2055,0.88822,0.45419,0.16858,0.71534,0.95327,0.48478,0.29761,0.50923,0.16705,0.64081,0.050183,0.043988,0.33639,0.11503,0.16922,0.23349,0.15426,0.99437,0.86809,0.55693,0.8497,0.17189,0.42213,0.73854,0.81042,0.63024,0.75605,0.035867,0.66426,0.12722,0.70915,0.48779,0.99761,0.763,0.96256,0.14223,0.19351,0.69298,0.65703,0.244,0.46244,0.53145,0.75832,0.95596,0.55583,0.80451,0.26436,0.91101,0.54979,0.4498,0.81684,0.11431,0.43288,0.52396,0.86657,0.65254,0.96369,0.50611,0.5673,0.55237,0.74091,0.60053,0.76903,0.42173,0.2532,0.97193,0.16288,0.86406,0.067538,0.051922,0.67548,0.094374,0.38246,0.80344,0.92722,0.004266,0.94073,0.16602,0.82486,0.91609,0.6528,0.3992,0.51158,0.071601,0.71122,0.92585,0.57917,0.1558,0.34925,0.029136,0.12822,0.44026,0.026117,0.28507,0.073814,0.71325,0.26931,0.82696,0.51333,0.54009,0.70903,0.61867,0.79616,0.95305,0.81153,0.13868,0.39919,0.65,0.568,0.45085,0.30282,0.93299,0.9877,0.49325,0.053926,0.68072,0.05582,0.051536,0.98038,0.34897,0.81649,0.10698,0.76133,0.055194,0.3971,0.27008,0.51727,0.40575,0.7727,0.81972,0.98071,0.62024,0.60681,0.37688,0.14767,0.60838,0.71229,0.30904,0.26849,0.9239,0.33824,0.82268,0.11837,0.97814,0.60684,0.90734,0.11046,0.046946,0.26519,0.57006,0.095417,0.64142,0.13437,0.81771,0.57586,0.43501,0.93127,0.028143,0.72569,0.58444,0.88264,0.60004,0.61616,0.054804,0.8915,0.50008,0.93728,0.016721,0.70559,0.23026,0.37439,0.31584,0.6205,0.81729,-1,-0,0,-1,0,0,1,1,1,1,-0,-0,-1,-1,-1,1,1,-0,-1,-0,-1,-0,-1,1,-0,-1,-1,-1,1,1,1,1,0,-1,-0,-1,-1,0,1,1,1,-0,1,-0,-0,1,1,-1,-1,1,-0,-1,-1,0,-0,0,-1,-0,-1,-1,1,-1,0,-1,0,0,-0,-1,-1,-1,-1,1,1,-1,-1,1,-1,-0,1,-0,1,-1,1,0,-0,1,1,1,-1,-0,1,-1,-0,-1,-1,1,0,0,1,0,0,1,1,-1,-1,1,1,1,-0,0,-1,0,-1,-1,-1,0,-1,-1,-0,-1,1,1,-0,-0,-1,-0,0,1,0,-1,1,-1,1,1,0,1,-0,1,-1,-0,1,-0,-1,1,1,1,0,-1,-1,0,-1,-1,1,1,1,-1,1,1,-0,0,0,1,-1,-1,1,0,1,0,-1,1,1,0,1,-1,1,1,-1,-1,-1,-1,-1,-1,0,-0,1,1,1,-1,0,-1,1,-0,0,-1,-0,1,-1,1,-1,-0
1,1,1,1,1,1,1,1,1,1,1,1,1,1,1,1,1,1,1,1,1,1,1,1,1,1,1,1,1,1,1,1,1,1,1,1,1,1,1,1,1,1,1,1,1,1,1,1,1,1,1,1,1,1,1,1,1,1,1,1,1,1,1,1,1,1,1,1,1,1,1,1,1,1,1,1,1,1,1,1,1,1,1,1,1,1,1,1,1,1,1,1,1,1,1,1,1,1,1,1,1,1,1,1,1,1,1,1,1,1,1,1,1,1,1,1,1,1,1,1,1,1,1,1,1,1,1,1,1,1,1,1,1,1,1,1,1,1,1,1,1,1,1,1,1,1,1,1,1,1,1,1,1,1,1,1,1,1,1,1,1,1,1,1,1,1,1,1,1,1,1,1,1,1,1,1,1,1,1,1,1,1,1,1,1,1,1,1,1,1,1,1,1,1,1,1,1,1,1,1,0.56442,0.27225,0.19241,0.37321,0.46864,0.87528,0.042298,0.73492,0.4317,0.64756,0.56445,0.7026,0.88651,0.6158,0.25467,0.81427,0.42643,0.25302,0.91944,0.41192,0.79096,0.13424,0.19577,0.21636,0.14419,0.63973,0.31203,0.14669,0.28982,0.47279,0.3347,0.84613,0.788,0.99588,0.22151,0.8967,0.49598,0.21768,0.52253,0.47134,0.20209,0.63136,0.48277,0.55432,0.4268,0.67943,0.34679,0.3178,0.47822,0.48485,0.36346,0.49141,0.40205,0.20049,0.93583,0.16944,0.10279,0.78833,0.9387,0.20281,0.43693,0.93568,0.0050634,0.30257,0.038233,0.23392,0.34249,0.055107,0.4244,0.7076,0.233,0.43536,0.75957,0.44152,0.18712,0.27828,0.24674,0.98259,0.49058,0.69863,0.59286,0.81687,0.45194,0.21478,0.56918,0.60297,0.42198,0.80498,0.29605,0.97234,0.98417,0.17751,0.2761,0.031001,0.28185,0.80261,0.57952,0.22321,0.78595,0.46159,0.66441,0.77826,0.19581,0.20589,0.67078,0.18624,0.18447,0.55558,0.1842,0.21578,0.6366,0.42339,0.037428,0.094513,0.020299,0.40093,0.12339,0.90165,0.5198,0.062029,0.40737,0.067293,0.78606,0.12556,0.86111,0.56383,0.61061,0.1235,0.69589,0.4005,0.20326,0.87655,0.49984,0.67776,0.97489,0.31087,0.23801,0.26012,0.83099,0.93338,0.67334,0.73913,0.42378,0.45194,0.70411,0.41362,0.75953,0.18248,0.37187,0.53366,0.41061,0.11987,0.94608,0.69975,0.30754,0.6142,0.12067,0.55512,0.47631,0.85822,0.42365,0.22332,0.56294,0.54852,0.84153,0.43379,0.74709,0.87658,0.87155,0.8239,0.61465,0.35793,0.77868,0.94644,0.79677,0.14759,0.075135,0.20544,0.99363,0.80232,0.98875,0.13959,0.34823,0.60483,0.61918,0.65107,0.92169,0.95863,0.66362,0.26016,0.70398,0.92499,0.70452,0.80516,0.014702,0.43196,0.58519,0.48071,0.71428,0.33088,0,-0,-0,1,1,0,-0,1,-1,0,1,-1,0,1,-1,-1,-1,0,1,-1,1,-1,0,-1,1,0,1,-0,1,-1,-1,0,1,1,-0,0,0,1,1,1,-1,-1,-1,0,-0,-1,1,1,-1,-1,-1,1,-1,1,1,-1,-1,-1,-1,0,1,-1,-1,-1,0,0,1,1,1,-1,1,0,0,1,-1,1,1,0,-1,1,-1,-1,1,0,0,0,1,-1,1,-1,-0,-0,-1,-0,1,-1,-1,-0,1,-1,-1,-0,-1,-1,1,1,-0,-1,1,1,1,1,-0,1,1,1,0,-1,-0,0,-1,-0,1,0,0,1,1,0,0,-0,-1,-1,1,1,0,1,-0,-0,0,1,-1,1,-1,1,1,0,-1,-1,-1,1,1,-1,-0,0,-1,1,1,-1,-1,-1,1,-0,0,-1,1,0,1,1,-1,1,1,0,-1,0,0,0,1,1,1,1,0,1,1,0,0,-1,1,-1,-1,0,1,0,-1,1,1,-0,-0,1,1,0
1,1,1,1,1,1,1,1,1,1,1,1,1,1,1,1,1,1,1,1,1,1,1,1,1,1,1,1,1,1,1,1,1,1,1,1,1,1,1,1,1,1,1,1,1,1,1,1,1,1,1,1,1,1,1,1,1,1,1,1,1,1,1,1,1,1,1,1,1,1,1,1,1,1,1,1,1,1,1,1,1,1,1,1,1,1,1,1,1,1,1,1,1,1,1,1,1,1,1,1,1,1,1,1,1,1,1,1,1,1,1,1,1,1,1,1,1,1,1,1,1,1,1,1,1,1,1,1,1,1,1,1,1,1,1,1,1,1,1,1,1,1,1,1,1,1,1,1,1,1,1,1,1,1,1,1,1,1,1,1,1,1,1,1,1,1,1,1,1,1,1,1,1,1,1,1,1,1,1,1,1,1,1,1,1,1,1,1,1,1,1,1,1,1,1,1,1,1,1,1,0.30806,0.64216,0.73993,0.083511,0.49256,0.45285,0.25777,0.29989,0.96287,0.022184,0.22251,0.45931,0.63712,0.29921,0.30078,0.7349,0.30951,0.44561,0.66141,0.35554,0.74745,0.023171,0.20976,0.75145,0.81265,0.036108,0.114,0.6511,0.23507,0.57222,0.59818,0.42781,0.483,0.44941,0.099078,0.58031,0.33616,0.12777,0.62204,0.79602,0.30204,0.30477,0.64499,0.62299,0.21316,0.51358,0.66807,0.34814,0.49174,0.29869,0.70758,0.3243,0.24787,0.22059,0.94856,0.00068792,0.82465,0.51922,0.94236,0.73289,0.313,0.47232,0.46656,0.75673,0.15344,0.61887,0.4144,0.018866,0.71515,0.70297,0.34518,0.35758,0.062131,0.85197,0.33884,0.49608,0.50357,0.023089,0.10287,0.8383,0.18058,0.0060812,0.9559,0.00019856,0.51298,0.432,0.92997,0.90689,0.50678,0.063224,0.096833,0.87403,0.30234,0.47326,0.9672,0.074905,0.61987,0.37097,0.8422,0.35242,0.61736,0.92259,0.32631,0.68425,0.18684,0.82781,0.098648,0.51485,0.97856,0.050125,0.15397,0.95111,0.28976,0.14821,0.31029,0.75765,0.050794,0.0024395,0.48513,0.12334,0.89607,0.22062,0.84731,0.97939,0.84239,0.17571,0.045508,0.011882,0.97329,0.5292,0.2981,0.20303,0.12178,0.76202,0.94287,0.25798,0.44132,0.43016,0.7843,0.23469,0.25053,0.42993,0.92139,0.38663,0.27834,0.046458,0.094224,0.31721,0.41654,0.40056,0.16691,0.7453,0.42045,0.77857,0.12543,0.99425,0.020172,0.63191,0.49801,0.033748,0.86046,0.43169,0.19953,0.15464,0.60031,0.40935,0.33353,0.83435,0.78759,0.49915,0.80289,0.67911,0.90283,0.092239,0.44364,0.44182,0.75668,0.85793,0.084843,0.55356,0.57099,0.1056,0.19437,0.10733,0.97766,0.83521,0.025554,0.2565,0.94103,0.30531,0.96815,0.19852,0.98072,0.63667,0.10182,0.31826,0.60737,0.090815,0.096709,0.10063,0,-0,-0,1,1,0,-0,1,-1,0,1,-1,0,1,-1,-1,-1,0,1,-1,1,-1,0,-1,1,0,1,-0,1,-1,-1,0,1,1,-0,0,0,1,1,1,-1,-1,-1,0,-0,-1,1,1,-1,-1,-1,1,-1,1,1,-1,-1,-1,-1,0,1,-1,-1,-1,0,0,1,1,1,-1,1,0,0,1,-1,1,1,0,-1,1,-1,-1,1,0,0,0,1,-1,1,-1,-0,-0,-1,-0,1,-1,-1,-0,1,-1,-1,-0,-1,-1,1,1,-0,-1,1,1,1,1,-0,1,1,1,0,-1,-0,0,-1,-0,1,0,0,1,1,0,0,-0,-1,-1,1,1,0,1,-0,-0,0,1,-1,1,-1,1,1,0,-1,-1,-1,1,1,-1,-0,0,-1,1,1,-1,-1,-1,1,-0,0,-1,1,0,1,1,-1,1,1,0,-1,0,0,0,1,1,1,1,0,1,1,0,0,-1,1,-1,-1,0,1,0,-1,1,1,-0,-0,1,1,0
